outcome,score_home,score_away,team_home,team_away,team_home_id,team_away_id,country,date,draw_number
X,0,0,Wolverhampton,Manchester U,WOL,MANU,England,2020-01-04,4631
1,2,1,Fulham,Aston Villa,FUL,A.V,England,2020-01-04,4631
1,2,0,Leicester,Wigan,LEI,WIGAN,England,2020-01-04,4631
1,2,0,Southampton,Huddersfield,SOUT,HUDD,England,2020-01-04,4631
X,3,3,Watford,Tranmere,WAT,TRANM,England,2020-01-04,4631
1,1,0,Brentford,Stoke,BREN,STO,England,2020-01-04,4631
2,0,1,Brighton,Sheffield W,BRIG,SH.W,England,2020-01-04,4631
1,4,0,Bournemouth,Luton,BOUR,LUT,England,2020-01-04,4631
2,2,4,Preston,Norwich,PRES,NOR,England,2020-01-04,4631
X,2,2,Reading,Blackpool,REA,BPOOL,England,2020-01-04,4631
2,1,2,Fleetwood,Portsmouth,FLEET,PORTS,England,2020-01-04,4631
X,2,2,Cardiff,Carlisle,CARD,CARL,England,2020-01-04,4631
1,4,1,Oxford United,Hartlepool,OXFUT,HART,England,2020-01-04,4631
2,0,1,Tottenham,Liverpool,TOTT,LIV,England,2020-01-11,4632
1,3,0,Chelsea,Burnley,CHEL,BURN,England,2020-01-11,4632
1,4,0,Manchester U,Norwich,MANU,NOR,England,2020-01-11,4632
1,1,0,Everton,Brighton,EVE,BRIG,England,2020-01-11,4632
2,1,2,Leicester,Southampton,LEI,SOUT,England,2020-01-11,4632
X,1,1,Wolverhampton,Newcastle,WOL,NEW,England,2020-01-11,4632
2,0,2,Leeds,Sheffield W,LEE,SH.W,England,2020-01-11,4632
X,1,1,Blackburn,Preston,BBURN,PRES,England,2020-01-11,4632
X,2,2,Charlton,West Bromwich,CHARL,WBA,England,2020-01-11,4632
2,0,1,Hull,Fulham,HULL,FUL,England,2020-01-11,4632
2,1,2,Luton,Birmingham,LUT,BIRM,England,2020-01-11,4632
X,2,2,Middlesbrough,Derby,MIDD,DER,England,2020-01-11,4632
X,1,1,Reading,Nottingham,REA,NOTT,England,2020-01-11,4632
X,1,1,Arsenal,Sheffield U,ARS,SH.U,England,2020-01-18,4633
X,2,2,Manchester C,Crystal Palace,MANC,CRY,England,2020-01-18,4633
1,1,0,Newcastle,Chelsea,NEW,CHEL,England,2020-01-18,4633
X,1,1,West Ham,Everton,WEST,EVE,England,2020-01-18,4633
2,2,3,Southampton,Wolverhampton,SOUT,WOL,England,2020-01-18,4633
X,1,1,Brighton,Aston Villa,BRIG,A.V,England,2020-01-18,4633
1,1,0,Norwich,Bournemouth,NOR,BOUR,England,2020-01-18,4633
X,1,1,Birmingham,Cardiff,BIRM,CARD,England,2020-01-18,4633
1,1,0,Derby,Hull,DER,HULL,England,2020-01-18,4633
X,0,0,Huddersfield,Brentford,HUDD,BREN,England,2020-01-18,4633
1,2,0,Millwall,Reading,MILL,REA,England,2020-01-18,4633
1,2,1,Preston,Charlton,PRES,CHARL,England,2020-01-18,4633
2,0,5,Sheffield W,Blackburn,SH.W,BBURN,England,2020-01-18,4633
X,1,1,Southampton,Tottenham,SOUT,TOTT,England,2020-01-25,4634
2,1,2,Hull,Chelsea,HULL,CHEL,England,2020-01-25,4634
X,0,0,Newcastle,Oxford United,NEW,OXFUT,England,2020-01-25,4634
X,0,0,Coventry,Birmingham,COV,BIRM,England,2020-01-25,4634
2,0,1,West Ham,West Bromwich,WEST,WBA,England,2020-01-25,4634
2,1,2,Burnley,Norwich,BURN,NOR,England,2020-01-25,4634
X,1,1,Reading,Cardiff,REA,CARD,England,2020-01-25,4634
2,0,2,Millwall,Sheffield U,MILL,SH.U,England,2020-01-25,4634
1,4,2,Portsmouth,Barnsley,PORTS,BARN,England,2020-01-25,4634
1,2,0,Stoke,Swansea,STO,SWAN,England,2020-01-25,4634
2,0,0,Blackpool,Tranmere,BPOOL,TRANM,England,2020-01-25,4634
X,0,0,Bristol Rovers,Fleetwood,BRISR,FLEET,England,2020-01-25,4634
1,1,0,Ipswich,Lincoln,IPSWI,LINCO,England,2020-01-25,4634
1,4,0,Liverpool,Southampton,LIV,SOUT,England,2020-02-01,4635
X,0,0,Manchester U,Wolverhampton,MANU,WOL,England,2020-02-01,4635
1,2,1,Bournemouth,Aston Villa,BOUR,A.V,England,2020-02-01,4635
2,0,1,Crystal Palace,Sheffield U,CRY,SH.U,England,2020-02-01,4635
X,0,0,Newcastle,Norwich,NEW,NOR,England,2020-02-01,4635
2,2,3,Watford,Everton,WAT,EVE,England,2020-02-01,4635
X,3,3,West Ham,Brighton,WEST,BRIG,England,2020-02-01,4635
X,1,1,Middlesbrough,Blackburn,MIDD,BBURN,England,2020-02-01,4635
1,2,1,Birmingham,Nottingham,BIRM,NOTT,England,2020-02-01,4635
1,3,2,Fulham,Huddersfield,FUL,HUDD,England,2020-02-01,4635
X,1,1,Preston,Swansea,PRES,SWAN,England,2020-02-01,4635
2,0,1,Queens PR,Bristol C,QPR,BRISC,England,2020-02-01,4635
X,0,0,Sheffield W,Millwall,SH.W,MILL,England,2020-02-01,4635
X,1,1,Brighton,Watford,BRIG,WAT,England,2020-02-08,4636
1,2,0,Nottingham,Leeds,NOTT,LEE,England,2020-02-08,4636
2,0,1,Blackburn,Fulham,BBURN,FUL,England,2020-02-08,4636
1,3,2,Brentford,Middlesbrough,BREN,MIDD,England,2020-02-08,4636
1,2,0,Huddersfield,Queens PR,HUDD,QPR,England,2020-02-08,4636
2,0,1,Luton,Cardiff,LUT,CARD,England,2020-02-08,4636
X,1,1,Reading,Hull,REA,HULL,England,2020-02-08,4636
1,3,1,Stoke,Charlton,STO,CHARL,England,2020-02-08,4636
2,2,3,Swansea,Derby,SWAN,DER,England,2020-02-08,4636
1,1,0,Sunderland,Ipswich,SUND,IPSWI,England,2020-02-08,4636
2,0,2,Tranmere,Portsmouth,TRANM,PORTS,England,2020-02-08,4636
1,4,0,Peterborough,Oxford United,PBORO,OXFUT,England,2020-02-08,4636
2,1,2,AFC Wimbledon,Fleetwood,AFCWI,FLEET,England,2020-02-08,4636
2,0,1,Norwich,Liverpool,NOR,LIV,England,2020-02-15,4637
1,1,0,Leeds,Bristol C,LEE,BRISC,England,2020-02-15,4637
2,0,3,Sheffield W,Reading,SH.W,REA,England,2020-02-15,4637
X,1,1,Birmingham,Brentford,BIRM,BREN,England,2020-02-15,4637
2,0,1,Preston,Millwall,PRES,MILL,England,2020-02-15,4637
2,0,2,Charlton,Blackburn,CHARL,BBURN,England,2020-02-15,4637
X,2,2,Cardiff,Wigan,CARD,WIGAN,England,2020-02-15,4637
1,4,2,Queens PR,Stoke,QPR,STO,England,2020-02-15,4637
2,0,3,Fulham,Barnsley,FUL,BARN,England,2020-02-15,4637
X,1,1,Derby,Huddersfield,DER,HUDD,England,2020-02-15,4637
2,0,1,Middlesbrough,Luton,MIDD,LUT,England,2020-02-15,4637
2,0,1,Oxford United,Sunderland,OXFUT,SUND,England,2020-02-15,4637
1,2,1,Fleetwood,Peterborough,FLEET,PBORO,England,2020-02-15,4637
2,0,1,Leicester,Manchester C,LEI,MANC,England,2020-02-22,4638
1,2,0,Southampton,Aston Villa,SOUT,A.V,England,2020-02-22,4638
1,3,0,Burnley,Bournemouth,BURN,BOUR,England,2020-02-22,4638
1,1,0,Crystal Palace,Newcastle,CRY,NEW,England,2020-02-22,4638
X,1,1,Sheffield U,Brighton,SH.U,BRIG,England,2020-02-22,4638
X,3,3,Birmingham,Sheffield W,BIRM,SH.W,England,2020-02-22,4638
2,0,3,Bristol C,West Bromwich,BRISC,WBA,England,2020-02-22,4638
1,1,0,Leeds,Reading,LEE,REA,England,2020-02-22,4638
X,0,0,Nottingham,Queens PR,NOTT,QPR,England,2020-02-22,4638
1,2,1,Preston,Hull,PRES,HULL,England,2020-02-22,4638
1,2,0,Stoke,Cardiff,STO,CARD,England,2020-02-22,4638
1,3,1,Swansea,Huddersfield,SWAN,HUDD,England,2020-02-22,4638
1,1,0,Wigan,Millwall,WIGAN,MILL,England,2020-02-22,4638
X,2,2,Bournemouth,Chelsea,BOUR,CHEL,England,2020-02-29,4639
1,3,0,Watford,Liverpool,WAT,LIV,England,2020-02-29,4639
X,0,0,Newcastle,Burnley,NEW,BURN,England,2020-02-29,4639
1,3,1,West Ham,Southampton,WEST,SOUT,England,2020-02-29,4639
X,2,2,Blackburn,Swansea,BBURN,SWAN,England,2020-02-29,4639
1,2,0,Fulham,Preston,FUL,PRES,England,2020-02-29,4639
X,2,2,Cardiff,Brentford,CARD,BREN,England,2020-02-29,4639
2,1,3,Sheffield W,Derby,SH.W,DER,England,2020-02-29,4639
X,1,1,Millwall,Bristol C,MILL,BRISC,England,2020-02-29,4639
X,2,2,Queens PR,Birmingham,QPR,BIRM,England,2020-02-29,4639
1,2,0,Reading,Barnsley,REA,BARN,England,2020-02-29,4639
1,4,0,Huddersfield,Charlton,HUDD,CHARL,England,2020-02-29,4639
X,1,1,Luton,Stoke,LUT,STO,England,2020-02-29,4639
1,1,0,Arsenal,West Ham,ARS,WEST,England,2020-03-07,4640
1,1,0,Crystal Palace,Watford,CRY,WAT,England,2020-03-07,4640
1,1,0,Sheffield U,Norwich,SH.U,NOR,England,2020-03-07,4640
2,0,1,Southampton,Newcastle,SOUT,NEW,England,2020-03-07,4640
X,0,0,Wolverhampton,Brighton,WOL,BRIG,England,2020-03-07,4640
X,1,1,Burnley,Tottenham,BURN,TOTT,England,2020-03-07,4640
2,0,1,Charlton,Middlesbrough,CHARL,MIDD,England,2020-03-07,4640
X,0,0,Swansea,West Bromwich,SWAN,WBA,England,2020-03-07,4640
1,2,0,Leeds,Huddersfield,LEE,HUDD,England,2020-03-07,4640
2,1,3,Birmingham,Reading,BIRM,REA,England,2020-03-07,4640
1,5,0,Brentford,Sheffield W,BREN,SH.W,England,2020-03-07,4640
2,1,3,Preston,Queens PR,PRES,QPR,England,2020-03-07,4640
1,5,1,Stoke,Hull,STO,HULL,England,2020-03-07,4640
1,0,0,Aston Villa,Chelsea,A.V,CHEL,England,2020-03-14,4641
2,0,0,Brighton,Arsenal,BRIG,ARS,England,2020-03-14,4641
1,0,0,Manchester C,Burnley,MANC,BURN,England,2020-03-14,4641
2,0,0,Newcastle,Sheffield U,NEW,SH.U,England,2020-03-14,4641
1,0,0,Norwich,Southampton,NOR,SOUT,England,2020-03-14,4641
1,0,0,Bournemouth,Crystal Palace,BOUR,CRY,England,2020-03-14,4641
1,0,0,Blackburn,Bristol C,BBURN,BRISC,England,2020-03-14,4641
2,0,0,Sheffield W,Nottingham,SH.W,NOTT,England,2020-03-14,4641
1,0,0,Huddersfield,Wigan,HUDD,WIGAN,England,2020-03-14,4641
1,0,0,Hull,Charlton,HULL,CHARL,England,2020-03-14,4641
1,0,0,Middlesbrough,Swansea,MIDD,SWAN,England,2020-03-14,4641
1,0,0,Millwall,Derby,MILL,DER,England,2020-03-14,4641
1,0,0,Queens PR,Barnsley,QPR,BARN,England,2020-03-14,4641
1,2,1,Brighton,Arsenal,BRIG,ARS,England,2020-06-20,4642
2,0,2,West Ham,Wolverhampton,WEST,WOL,England,2020-06-20,4642
2,0,2,Bournemouth,Crystal Palace,BOUR,CRY,England,2020-06-20,4642
1,3,1,Blackburn,Bristol C,BBURN,BRISC,England,2020-06-20,4642
X,1,1,Reading,Stoke,REA,STO,England,2020-06-20,4642
X,1,1,Sheffield W,Nottingham,SH.W,NOTT,England,2020-06-20,4642
X,0,0,West Bromwich,Birmingham,WBA,BIRM,England,2020-06-20,4642
X,1,1,Luton,Preston,LUT,PRES,England,2020-06-20,4642
2,0,2,Huddersfield,Wigan,HUDD,WIGAN,England,2020-06-20,4642
2,0,1,Hull,Charlton,HULL,CHARL,England,2020-06-20,4642
X,0,0,Everton,Liverpool,EVE,LIV,England,2020-06-20,4642
1,3,0,Newcastle,Sheffield U,NEW,SH.U,England,2020-06-20,4642
2,1,2,Aston Villa,Chelsea,A.V,CHEL,England,2020-06-20,4642
X,1,1,Norwich,Manchester U,NOR,MANU,England,2020-06-27,4643
X,3,3,Birmingham,Hull,BIRM,HULL,England,2020-06-27,4643
1,3,0,Leeds,Fulham,LEE,FUL,England,2020-06-27,4643
2,0,2,Stoke,Middlesbrough,STO,MIDD,England,2020-06-27,4643
1,2,0,Wigan,Blackburn,WIGAN,BBURN,England,2020-06-27,4643
2,1,2,Sheffield U,Arsenal,SH.U,ARS,England,2020-06-27,4643
2,0,1,Leicester,Chelsea,LEI,CHEL,England,2020-06-27,4643
2,0,2,Newcastle,Manchester C,NEW,MANC,England,2020-06-27,4643
2,1,3,Watford,Southampton,WAT,SOUT,England,2020-06-27,4643
2,1,2,Bristol C,Sheffield W,BRISC,SH.W,England,2020-06-27,4643
1,3,1,Nottingham,Huddersfield,NOTT,HUDD,England,2020-06-27,4643
X,2,2,AIK,Malmö FF,AIK,MFF,Sverige,2020-06-27,4643
1,5,0,Djurgården,Kalmar FF,DJURG,KFF,Sverige,2020-06-27,4643
1,3,0,Leicester,Crystal Palace,LEI,CRY,England,2020-07-04,4644
1,5,2,Manchester U,Bournemouth,MANU,BOUR,England,2020-07-04,4644
2,0,2,Wolverhampton,Arsenal,WOL,ARS,England,2020-07-04,4644
1,3,0,Chelsea,Watford,CHEL,WAT,England,2020-07-04,4644
2,1,3,Blackburn,Leeds,BBURN,LEE,England,2020-07-04,4644
2,0,1,Bristol C,Cardiff,BRISC,CARD,England,2020-07-04,4644
1,1,0,Fulham,Birmingham,FUL,BIRM,England,2020-07-04,4644
X,0,0,Huddersfield,Preston,HUDD,PRES,England,2020-07-04,4644
1,3,0,Brentford,Wigan,BREN,WIGAN,England,2020-07-04,4644
2,0,5,Luton,Reading,LUT,REA,England,2020-07-04,4644
1,4,0,Stoke,Barnsley,STO,BARN,England,2020-07-04,4644
X,1,1,Burnley,Sheffield U,BURN,SH.U,England,2020-07-04,4644
X,2,2,Newcastle,West Ham,NEW,WEST,England,2020-07-04,4644
X,1,1,Liverpool,Burnley,LIV,BURN,England,2020-07-11,4645
2,0,5,Brighton,Manchester C,BRIG,MANC,England,2020-07-11,4645
1,3,0,Sheffield U,Chelsea,SH.U,CHEL,England,2020-07-11,4645
X,1,1,Blackburn,West Bromwich,BBURN,WBA,England,2020-07-11,4645
2,0,1,Hull,Millwall,HULL,MILL,England,2020-07-11,4645
2,1,3,Middlesbrough,Bristol C,MIDD,BRISC,England,2020-07-11,4645
X,1,1,Preston,Nottingham,PRES,NOTT,England,2020-07-11,4645
2,0,3,Queens PR,Sheffield W,QPR,SH.W,England,2020-07-11,4645
1,3,0,Wolverhampton,Everton,WOL,EVE,England,2020-07-11,4645
1,2,0,Aston Villa,Crystal Palace,A.V,CRY,England,2020-07-11,4645
1,2,1,Tottenham,Arsenal,TOTT,ARS,England,2020-07-11,4645
1,4,1,Bournemouth,Leicester,BOUR,LEI,England,2020-07-11,4645
2,0,1,Swansea,Leeds,SWAN,LEE,England,2020-07-11,4645
1,2,0,Arsenal,Manchester C,ARS,MANC,England,2020-07-18,4646
2,0,2,Norwich,Burnley,NOR,BURN,England,2020-07-18,4646
1,5,3,Fulham,Sheffield W,FUL,SH.W,England,2020-07-18,4646
2,0,1,Hull,Luton,HULL,LUT,England,2020-07-18,4646
2,1,3,Middlesbrough,Cardiff,MIDD,CARD,England,2020-07-18,4646
1,2,0,Preston,Birmingham,PRES,BIRM,England,2020-07-18,4646
1,1,0,Swansea,Bristol C,SWAN,BRISC,England,2020-07-18,4646
1,4,3,Queens PR,Millwall,QPR,MILL,England,2020-07-18,4646
1,4,3,Blackburn,Reading,BBURN,REA,England,2020-07-18,4646
2,1,3,Manchester U,Chelsea,MANU,CHEL,England,2020-07-18,4646
2,0,2,Bournemouth,Southampton,BOUR,SOUT,England,2020-07-18,4646
1,3,0,Tottenham,Leicester,TOTT,LEI,England,2020-07-18,4646
2,1,3,Derby,Leeds,DER,LEE,England,2020-07-18,4646
2,2,3,Halmstad,Akropolis IF,HALMS,AKROP,Sverige,2020-07-25,4647
1,2,0,Jönköpings Södra,IK Brage,JÖNSÖ,BRAGE,Sverige,2020-07-25,4647
1,4,1,Trelleborg,Dalkurd FF,TFF,DALKU,Sverige,2020-07-25,4647
2,0,2,Leicester,Manchester U,LEI,MANU,England,2020-07-25,4647
1,2,0,Chelsea,Wolverhampton,CHEL,WOL,England,2020-07-25,4647
1,3,2,Arsenal,Watford,ARS,WAT,England,2020-07-25,4647
X,1,1,Crystal Palace,Tottenham,CRY,TOTT,England,2020-07-25,4647
2,1,3,Everton,Bournemouth,EVE,BOUR,England,2020-07-25,4647
X,1,1,West Ham,Aston Villa,WEST,A.V,England,2020-07-25,4647
1,5,0,Manchester C,Norwich,MANC,NOR,England,2020-07-25,4647
2,1,3,Newcastle,Liverpool,NEW,LIV,England,2020-07-25,4647
1,3,1,Southampton,Sheffield U,SOUT,SH.U,England,2020-07-25,4647
2,1,2,Burnley,Brighton,BURN,BRIG,England,2020-07-25,4647
1,2,1,Arsenal,Chelsea,ARS,CHEL,England,2020-08-01,4648
X,1,1,Dundee U,St.Johnstone,D.U,ST.J,Skottland,2020-08-01,4648
1,2,1,Hibernian,Kilmarnock,HIBS,KILM,Skottland,2020-08-01,4648
1,1,0,St.Mirren,Livingston,MIRR,LIVIN,Skottland,2020-08-01,4648
X,1,1,AFC Eskilstuna,Östers IF,AFCES,ÖSTER,Sverige,2020-08-01,4648
2,1,4,GIF Sundsvall,Degerfors IF,GIFSU,DEGER,Sverige,2020-08-01,4648
X,0,0,Ljungskile SK,Halmstad,LKILE,HALMS,Sverige,2020-08-01,4648
2,1,2,Brann,Vålerengen,BRANN,VÅL,Norge,2020-08-01,4648
X,1,1,Helsingborgs IF,Hammarby,HELSI,HAMFO,Sverige,2020-08-01,4648
X,0,0,Kalmar FF,AIK,KFF,AIK,Sverige,2020-08-01,4648
2,0,3,IFK Göteborg,Malmö FF,IFKGÖ,MFF,Sverige,2020-08-01,4648
X,1,1,Varbergs BoIS,Östersunds FK,VABBO,ÖFK,Sverige,2020-08-01,4648
2,1,2,Norrby IF,Jönköpings Södra,NORRB,JÖNSÖ,Sverige,2020-08-01,4648
1,4,1,Bayern München,Chelsea,MUN,CHEL,"Tyskland, England",2020-08-08,4649
1,3,1,Barcelona,Napoli,BAR,NAP,"Spanien, Italien",2020-08-08,4649
2,0,1,Hamilton,Ross County,HAMI,ROSSC,Skottland,2020-08-08,4649
2,1,4,Livingston,Hibernian,LIVIN,HIBS,Skottland,2020-08-08,4649
2,0,1,Motherwell,Dundee U,MOTH,D.U,Skottland,2020-08-08,4649
X,2,2,Dalkurd FF,Norrby IF,DALKU,NORRB,Sverige,2020-08-08,4649
X,0,0,Halmstad,GAIS,HALMS,GAIS,Sverige,2020-08-08,4649
1,1,0,Jönköpings Södra,Umeå FC,JÖNSÖ,UMEÅ,Sverige,2020-08-08,4649
2,1,2,Djurgården,Hammarby,DJURG,HAMFO,Sverige,2020-08-08,4649
2,0,1,Falkenbergs FF,Malmö FF,FALKE,MFF,Sverige,2020-08-08,4649
1,3,1,Mjällby AIF,AIK,MJÄLL,AIK,Sverige,2020-08-08,4649
2,0,2,BK Häcken,Kalmar FF,BKHÄC,KFF,Sverige,2020-08-08,4649
X,1,1,Örebro SK,IFK Göteborg,ÖRE,IFKGÖ,Sverige,2020-08-08,4649
2,1,3,Manchester C,Lyon,MANC,LYON,"England, Frankrike",2020-08-15,4650
X,1,1,Dalkurd FF,Halmstad,DALKU,HALMS,Sverige,2020-08-15,4650
1,3,0,GIF Sundsvall,GAIS,GIFSU,GAIS,Sverige,2020-08-15,4650
1,4,2,Östers IF,IK Brage,ÖSTER,BRAGE,Sverige,2020-08-15,4650
1,2,1,Sarpsborg 08,Molde,SARPS,MOL,Norge,2020-08-15,4650
2,0,1,Hamilton,St.Mirren,HAMI,MIRR,Skottland,2020-08-15,4650
2,1,2,Kilmarnock,St.Johnstone,KILM,ST.J,Skottland,2020-08-15,4650
2,1,2,Ross County,Dundee U,ROSSC,D.U,Skottland,2020-08-15,4650
X,0,0,Hibernian,Motherwell,HIBS,MOTH,Skottland,2020-08-15,4650
X,1,1,Falkenbergs FF,AIK,FALKE,AIK,Sverige,2020-08-15,4650
X,2,2,Hammarby,Elfsborg,HAMFO,ELFSB,Sverige,2020-08-15,4650
X,2,2,Mjällby AIF,Malmö FF,MJÄLL,MFF,Sverige,2020-08-15,4650
1,2,0,Västerås SK,Umeå FC,VSKFK,UMEÅ,Sverige,2020-08-15,4650
X,0,0,GAIS,Örgryte IS,GAIS,ÖRGRY,Sverige,2020-08-22,4651
1,1,0,Halmstad,GIF Sundsvall,HALMS,GIFSU,Sverige,2020-08-22,4651
2,0,2,Ljungskile SK,Östers IF,LKILE,ÖSTER,Sverige,2020-08-22,4651
1,3,2,Sandvikens IF,IFK Haninge,SANIF,HANIN,Sverige,2020-08-22,4651
X,1,1,IF Sylvia,Sollentuna FK,SYLVI,STUNA,Sverige,2020-08-22,4651
2,0,1,Motherwell,Hamilton,MOTH,HAMI,Skottland,2020-08-22,4651
X,1,1,St.Mirren,Ross County,MIRR,ROSSC,Skottland,2020-08-22,4651
2,0,2,Strömsgodset,Viking,GODS,VIKI,Norge,2020-08-22,4651
2,0,2,Mjöndalen IF,Rosenborg,MJÖIF,ROSEN,Norge,2020-08-22,4651
2,0,1,Elfsborg,Östersunds FK,ELFSB,ÖFK,Sverige,2020-08-22,4651
1,2,1,Malmö FF,Falkenbergs FF,MFF,FALKE,Sverige,2020-08-22,4651
1,2,0,AIK,Helsingborgs IF,AIK,HELSI,Sverige,2020-08-22,4651
1,2,1,Varbergs BoIS,Örebro SK,VABBO,ÖRE,Sverige,2020-08-22,4651
X,1,1,Arsenal,Liverpool,ARS,LIV,England,2020-08-29,4652
1,3,2,AFC Eskilstuna,GIF Sundsvall,AFCES,GIFSU,Sverige,2020-08-29,4652
2,0,2,Trelleborg,Jönköpings Södra,TFF,JÖNSÖ,Sverige,2020-08-29,4652
1,4,1,Östers IF,GAIS,ÖSTER,GAIS,Sverige,2020-08-29,4652
1,4,0,Kilmarnock,Dundee U,KILM,D.U,Skottland,2020-08-29,4652
1,1,0,Livingston,Ross County,LIVIN,ROSSC,Skottland,2020-08-29,4652
1,1,0,St.Johnstone,St.Mirren,ST.J,MIRR,Skottland,2020-08-29,4652
1,2,1,Haugesund,Vålerengen,HAUG,VÅL,Norge,2020-08-29,4652
2,0,1,AIK,BK Häcken,AIK,BKHÄC,Sverige,2020-08-29,4652
X,3,3,Hammarby,Kalmar FF,HAMFO,KFF,Sverige,2020-08-29,4652
1,3,1,Helsingborgs IF,Djurgården,HELSI,DJURG,Sverige,2020-08-29,4652
X,1,1,Mjällby AIF,IFK Göteborg,MJÄLL,IFKGÖ,Sverige,2020-08-29,4652
X,1,1,Malmö FF,Elfsborg,MFF,ELFSB,Sverige,2020-08-29,4652
2,0,1,Sverige,Frankrike,SVE,FRANK,"Sverige, Frankrike",2020-09-05,4653
1,4,1,Portugal,Kroatien,POR,KROA,"Portugal, Kroatien",2020-09-05,4653
2,0,1,Island,England,ISL,ENG,"Island, England",2020-09-05,4653
2,0,2,Danmark,Belgien,DAN,BEL,"Danmark, Belgien",2020-09-05,4653
2,0,1,Estland,Georgien,EST,GEO,"Estland, Georgien",2020-09-05,4653
2,1,2,Azerbajdzjan,Luxemburg,AZER,LUX,"Azerbajdzjan, Luxemburg",2020-09-05,4653
2,0,2,Cypern,Montenegro,CYP,MNEGR,"Cypern, Montenegro",2020-09-05,4653
2,1,2,GIF Sundsvall,Östers IF,GIFSU,ÖSTER,Sverige,2020-09-05,4653
1,3,0,Jönköpings Södra,AFC Eskilstuna,JÖNSÖ,AFCES,Sverige,2020-09-05,4653
1,2,0,Örgryte IS,Norrby IF,ÖRGRY,NORRB,Sverige,2020-09-05,4653
X,1,1,Schweiz,Tyskland,SCHW,TYS,"Schweiz, Tyskland",2020-09-05,4653
1,4,0,Spanien,Ukraina,SPA,UKR,"Spanien, Ukraina",2020-09-05,4653
2,0,1,Irland,Finland,IRL,FIN,"Irland, Finland",2020-09-05,4653
1,4,3,Liverpool,Leeds,LIV,LEE,England,2020-09-12,4654
1,1,0,Crystal Palace,Southampton,CRY,SOUT,England,2020-09-12,4654
2,0,2,West Ham,Newcastle,WEST,NEW,England,2020-09-12,4654
2,0,1,Barnsley,Luton,BARN,LUT,England,2020-09-12,4654
1,3,2,Bournemouth,Blackburn,BOUR,BBURN,England,2020-09-12,4654
1,2,1,Bristol C,Coventry,BRISC,COV,England,2020-09-12,4654
2,0,2,Cardiff,Sheffield W,CARD,SH.W,England,2020-09-12,4654
2,0,2,Derby,Reading,DER,REA,England,2020-09-12,4654
2,0,1,Huddersfield,Norwich,HUDD,NOR,England,2020-09-12,4654
X,0,0,Millwall,Stoke,MILL,STO,England,2020-09-12,4654
2,0,1,Preston,Swansea,PRES,SWAN,England,2020-09-12,4654
1,2,0,Queens PR,Nottingham,QPR,NOTT,England,2020-09-12,4654
1,4,2,Degerfors IF,Jönköpings Södra,DEGER,JÖNSÖ,Sverige,2020-09-12,4654
2,1,3,Manchester U,Crystal Palace,MANU,CRY,England,2020-09-19,4655
1,2,1,Arsenal,West Ham,ARS,WEST,England,2020-09-19,4655
1,4,3,Leeds,Fulham,LEE,FUL,England,2020-09-19,4655
1,5,0,Blackburn,Wycombe,BBURN,WYC,England,2020-09-19,4655
1,3,0,Brentford,Huddersfield,BREN,HUDD,England,2020-09-19,4655
1,2,1,Luton,Derby,LUT,DER,England,2020-09-19,4655
X,1,1,Middlesbrough,Bournemouth,MIDD,BOUR,England,2020-09-19,4655
X,2,2,Norwich,Preston,NOR,PRES,England,2020-09-19,4655
1,2,0,Reading,Barnsley,REA,BARN,England,2020-09-19,4655
2,0,1,Rotherham,Millwall,ROTH,MILL,England,2020-09-19,4655
X,0,0,Sheffield W,Watford,SH.W,WAT,England,2020-09-19,4655
X,0,0,Swansea,Birmingham,SWAN,BIRM,England,2020-09-19,4655
1,4,1,Jönköpings Södra,Östers IF,JÖNSÖ,ÖSTER,Sverige,2020-09-19,4655
X,3,3,West Bromwich,Chelsea,WBA,CHEL,England,2020-09-26,4656
2,1,2,Crystal Palace,Everton,CRY,EVE,England,2020-09-26,4656
2,0,1,Burnley,Southampton,BURN,SOUT,England,2020-09-26,4656
X,0,0,Barnsley,Coventry,BARN,COV,England,2020-09-26,4656
X,1,1,Birmingham,Rotherham,BIRM,ROTH,England,2020-09-26,4656
2,1,2,Cardiff,Reading,CARD,REA,England,2020-09-26,4656
2,0,4,Derby,Blackburn,DER,BBURN,England,2020-09-26,4656
X,1,1,Millwall,Brentford,MILL,BREN,England,2020-09-26,4656
2,0,1,Preston,Stoke,PRES,STO,England,2020-09-26,4656
X,1,1,Queens PR,Middlesbrough,QPR,MIDD,England,2020-09-26,4656
2,1,2,IK Brage,Östers IF,BRAGE,ÖSTER,Sverige,2020-09-26,4656
1,2,0,Halmstad,Ljungskile SK,HALMS,LKILE,Sverige,2020-09-26,4656
X,2,2,Västerås SK,Jönköpings Södra,VSKFK,JÖNSÖ,Sverige,2020-09-26,4656
X,1,1,Leeds,Manchester C,LEE,MANC,England,2020-10-03,4657
1,4,2,Everton,Brighton,EVE,BRIG,England,2020-10-03,4657
1,3,1,Newcastle,Burnley,NEW,BURN,England,2020-10-03,4657
X,0,0,Blackburn,Cardiff,BBURN,CARD,England,2020-10-03,4657
1,2,1,Middlesbrough,Barnsley,MIDD,BARN,England,2020-10-03,4657
2,1,2,Nottingham,Bristol C,NOTT,BRISC,England,2020-10-03,4657
1,1,0,Reading,Watford,REA,WAT,England,2020-10-03,4657
X,1,1,Sheffield W,Queens PR,SH.W,QPR,England,2020-10-03,4657
1,2,1,Swansea,Millwall,SWAN,MILL,England,2020-10-03,4657
X,1,1,Rotherham,Huddersfield,ROTH,HUDD,England,2020-10-03,4657
1,2,0,Luton,Wycombe,LUT,WYC,England,2020-10-03,4657
1,1,0,Jönköpings Södra,Halmstad,JÖNSÖ,HALMS,Sverige,2020-10-03,4657
2,1,3,Örgryte IS,IK Brage,ÖRGRY,BRAGE,Sverige,2020-10-03,4657
1,1,0,Spanien,Schweiz,SPA,SCHW,"Spanien, Schweiz",2020-10-10,4658
2,1,2,Ukraina,Tyskland,UKR,TYS,"Ukraina, Tyskland",2020-10-10,4658
X,1,1,Färöarna,Lettland,FÄRÖ,LETT,"Färöarna, Lettland",2020-10-10,4658
2,0,1,Liechtenstein,Gibraltar,LIECH,GIBRA,"Liechtenstein, Gibraltar",2020-10-10,4658
X,0,0,Andorra,Malta,ANDO,MALT,"Andorra, Malta",2020-10-10,4658
X,0,0,IK Brage,Degerfors IF,BRAGE,DEGER,Sverige,2020-10-10,4658
1,2,0,Dalkurd FF,Ljungskile SK,DALKU,LKILE,Sverige,2020-10-10,4658
2,1,3,GAIS,Halmstad,GAIS,HALMS,Sverige,2020-10-10,4658
1,2,1,Kroatien,Sverige,KROA,SVE,"Kroatien, Sverige",2020-10-10,4658
X,0,0,Frankrike,Portugal,FRANK,POR,"Frankrike, Portugal",2020-10-10,4658
1,2,1,England,Belgien,ENG,BEL,"England, Belgien",2020-10-10,4658
1,4,0,Norge,Rumänien,NORGE,RUM,"Norge, Rumänien",2020-10-10,4658
2,0,3,Island,Danmark,ISL,DAN,"Island, Danmark",2020-10-10,4658
1,1,0,Manchester C,Arsenal,MANC,ARS,England,2020-10-17,4659
X,3,3,Chelsea,Southampton,CHEL,SOUT,England,2020-10-17,4659
2,1,4,Newcastle,Manchester U,NEW,MANU,England,2020-10-17,4659
X,2,2,Barnsley,Bristol C,BARN,BRISC,England,2020-10-17,4659
2,0,1,Birmingham,Sheffield W,BIRM,SH.W,England,2020-10-17,4659
2,0,1,Blackburn,Nottingham,BBURN,NOTT,England,2020-10-17,4659
X,0,0,Middlesbrough,Reading,MIDD,REA,England,2020-10-17,4659
2,0,2,Luton,Stoke,LUT,STO,England,2020-10-17,4659
X,0,0,Bournemouth,Queens PR,BOUR,QPR,England,2020-10-17,4659
1,2,0,Brentford,Coventry,BREN,COV,England,2020-10-17,4659
2,1,2,Rotherham,Norwich,ROTH,NOR,England,2020-10-17,4659
2,1,2,Swansea,Huddersfield,SWAN,HUDD,England,2020-10-17,4659
2,1,2,Wycombe,Millwall,WYC,MILL,England,2020-10-17,4659
X,0,0,Manchester U,Chelsea,MANU,CHEL,England,2020-10-24,4660
1,2,1,Liverpool,Sheffield U,LIV,SH.U,England,2020-10-24,4660
2,1,2,Fulham,Crystal Palace,FUL,CRY,England,2020-10-24,4660
X,1,1,Cardiff,Middlesbrough,CARD,MIDD,England,2020-10-24,4660
X,1,1,Bristol C,Swansea,BRISC,SWAN,England,2020-10-24,4660
2,0,4,Coventry,Blackburn,COV,BBURN,England,2020-10-24,4660
2,1,2,Huddersfield,Preston,HUDD,PRES,England,2020-10-24,4660
1,3,2,Stoke,Brentford,STO,BREN,England,2020-10-24,4660
X,1,1,Millwall,Barnsley,MILL,BARN,England,2020-10-24,4660
X,0,0,Queens PR,Birmingham,QPR,BIRM,England,2020-10-24,4660
1,2,1,Norwich,Wycombe,NOR,WYC,England,2020-10-24,4660
1,3,0,Reading,Rotherham,REA,ROTH,England,2020-10-24,4660
2,0,1,Sheffield W,Luton,SH.W,LUT,England,2020-10-24,4660
1,2,1,Liverpool,West Ham,LIV,WEST,England,2020-10-31,4661
2,0,3,Burnley,Chelsea,BURN,CHEL,England,2020-10-31,4661
2,0,3,Luton,Brentford,LUT,BREN,England,2020-10-31,4661
1,1,0,Middlesbrough,Nottingham,MIDD,NOTT,England,2020-10-31,4661
2,0,3,Millwall,Huddersfield,MILL,HUDD,England,2020-10-31,4661
2,1,2,Preston,Birmingham,PRES,BIRM,England,2020-10-31,4661
1,2,0,Swansea,Blackburn,SWAN,BBURN,England,2020-10-31,4661
1,3,2,Queens PR,Cardiff,QPR,CARD,England,2020-10-31,4661
1,1,0,Stoke,Rotherham,STO,ROTH,England,2020-10-31,4661
1,1,0,Wycombe,Sheffield W,WYC,SH.W,England,2020-10-31,4661
1,1,0,Barnsley,Watford,BARN,WAT,England,2020-10-31,4661
X,1,1,Bournemouth,Derby,BOUR,DER,England,2020-10-31,4661
2,0,3,Östers IF,Halmstad,ÖSTER,HALMS,Sverige,2020-10-31,4661
1,4,1,Chelsea,Sheffield U,CHEL,SH.U,England,2020-11-07,4662
1,4,1,Crystal Palace,Leeds,CRY,LEE,England,2020-11-07,4662
1,1,0,West Ham,Fulham,WEST,FUL,England,2020-11-07,4662
1,1,0,Norwich,Swansea,NOR,SWAN,England,2020-11-07,4662
2,1,3,Birmingham,Bournemouth,BIRM,BOUR,England,2020-11-07,4662
X,0,0,Brentford,Middlesbrough,BREN,MIDD,England,2020-11-07,4662
1,3,1,Blackburn,Queens PR,BBURN,QPR,England,2020-11-07,4662
X,1,1,Huddersfield,Luton,HUDD,LUT,England,2020-11-07,4662
1,2,1,Rotherham,Preston,ROTH,PRES,England,2020-11-07,4662
1,3,2,Watford,Coventry,WAT,COV,England,2020-11-07,4662
X,0,0,Sheffield W,Millwall,SH.W,MILL,England,2020-11-07,4662
1,2,0,Nottingham,Wycombe,NOTT,WYC,England,2020-11-07,4662
2,0,2,Derby,Barnsley,DER,BARN,England,2020-11-07,4662
1,2,1,Sverige,Kroatien,SVE,KROA,"Sverige, Kroatien",2020-11-14,4663
2,0,1,Portugal,Frankrike,POR,FRANK,"Portugal, Frankrike",2020-11-14,4663
1,3,1,Tyskland,Ukraina,TYS,UKR,"Tyskland, Ukraina",2020-11-14,4663
X,1,1,Schweiz,Spanien,SCHW,SPA,"Schweiz, Spanien",2020-11-14,4663
1,2,1,Cypern,Luxemburg,CYP,LUX,"Cypern, Luxemburg",2020-11-14,4663
X,0,0,Azerbajdzjan,Montenegro,AZER,MNEGR,"Azerbajdzjan, Montenegro",2020-11-14,4663
X,1,1,Lettland,Färöarna,LETT,FÄRÖ,"Lettland, Färöarna",2020-11-14,4663
1,2,0,IF Sylvia,Hammarby Talang FF,SYLVI,HAMTA,Sverige,2020-11-14,4663
1,2,0,Belgien,England,BEL,ENG,"Belgien, England",2020-11-14,4663
1,2,0,Italien,Polen,ITA,POL,"Italien, Polen",2020-11-14,4663
1,1,0,Wales,Irland,WALES,IRL,"Wales, Irland",2020-11-14,4663
1,3,2,Turkiet,Ryssland,TURK,RYSS,"Turkiet, Ryssland",2020-11-14,4663
X,0,0,Rumänien,Norge,RUM,NORGE,"Rumänien, Norge",2020-11-14,4663
1,2,0,Tottenham,Manchester C,TOTT,MANC,England,2020-11-21,4664
1,1,0,Manchester U,West Bromwich,MANU,WBA,England,2020-11-21,4664
2,1,2,Aston Villa,Brighton,A.V,BRIG,England,2020-11-21,4664
2,0,1,Middlesbrough,Norwich,MIDD,NOR,England,2020-11-21,4664
X,1,1,Luton,Blackburn,LUT,BBURN,England,2020-11-21,4664
1,2,0,Barnsley,Nottingham,BARN,NOTT,England,2020-11-21,4664
X,1,1,Millwall,Cardiff,MILL,CARD,England,2020-11-21,4664
X,1,1,Queens PR,Watford,QPR,WAT,England,2020-11-21,4664
1,1,0,Bristol C,Derby,BRISC,DER,England,2020-11-21,4664
1,1,0,Preston,Sheffield W,PRES,SH.W,England,2020-11-21,4664
1,4,3,Stoke,Huddersfield,STO,HUDD,England,2020-11-21,4664
1,1,0,Swansea,Rotherham,SWAN,ROTH,England,2020-11-21,4664
X,0,0,Wycombe,Brentford,WYC,BREN,England,2020-11-21,4664
2,0,1,Everton,Leeds,EVE,LEE,England,2020-11-28,4665
1,5,0,Manchester C,Burnley,MANC,BURN,England,2020-11-28,4665
1,1,0,West Bromwich,Sheffield U,WBA,SH.U,England,2020-11-28,4665
X,0,0,Birmingham,Millwall,BIRM,MILL,England,2020-11-28,4665
1,2,1,Blackburn,Barnsley,BBURN,BARN,England,2020-11-28,4665
1,4,0,Cardiff,Luton,CARD,LUT,England,2020-11-28,4665
1,3,2,Huddersfield,Middlesbrough,HUDD,MIDD,England,2020-11-28,4665
1,4,1,Watford,Preston,WAT,PRES,England,2020-11-28,4665
X,2,2,Rotherham,Bournemouth,ROTH,BOUR,England,2020-11-28,4665
X,1,1,Norwich,Coventry,NOR,COV,England,2020-11-28,4665
X,0,0,Sheffield W,Stoke,SH.W,STO,England,2020-11-28,4665
X,1,1,Derby,Wycombe,DER,WYC,England,2020-11-28,4665
2,0,2,Ipswich,Charlton,IPSWI,CHARL,England,2020-11-28,4665
2,1,3,West Ham,Manchester U,WEST,MANU,England,2020-12-05,4666
1,3,1,Chelsea,Leeds,CHEL,LEE,England,2020-12-05,4666
1,2,0,Manchester C,Fulham,MANC,FUL,England,2020-12-05,4666
X,2,2,Brentford,Blackburn,BREN,BBURN,England,2020-12-05,4666
1,2,0,Huddersfield,Queens PR,HUDD,QPR,England,2020-12-05,4666
1,1,0,Stoke,Middlesbrough,STO,MIDD,England,2020-12-05,4666
2,0,1,Bristol C,Birmingham,BRISC,BIRM,England,2020-12-05,4666
2,0,1,Millwall,Derby,MILL,DER,England,2020-12-05,4666
1,2,1,Norwich,Sheffield W,NOR,SH.W,England,2020-12-05,4666
1,2,0,Swansea,Luton,SWAN,LUT,England,2020-12-05,4666
2,0,1,Watford,Cardiff,WAT,CARD,England,2020-12-05,4666
X,2,2,Preston,Wycombe,PRES,WYC,England,2020-12-05,4666
1,3,1,Coventry,Rotherham,COV,ROTH,England,2020-12-05,4666
X,0,0,Manchester U,Manchester C,MANU,MANC,England,2020-12-12,4667
1,1,0,Everton,Chelsea,EVE,CHEL,England,2020-12-12,4667
1,2,1,Newcastle,West Bromwich,NEW,WBA,England,2020-12-12,4667
2,0,1,Queens PR,Reading,QPR,REA,England,2020-12-12,4667
2,1,2,Blackburn,Norwich,BBURN,NOR,England,2020-12-12,4667
1,3,0,Middlesbrough,Millwall,MIDD,MILL,England,2020-12-12,4667
2,1,3,Nottingham,Brentford,NOTT,BREN,England,2020-12-12,4667
1,2,0,Rotherham,Bristol C,ROTH,BRISC,England,2020-12-12,4667
1,5,0,Bournemouth,Huddersfield,BOUR,HUDD,England,2020-12-12,4667
2,0,1,Birmingham,Watford,BIRM,WAT,England,2020-12-12,4667
2,1,2,Sheffield W,Barnsley,SH.W,BARN,England,2020-12-12,4667
1,3,0,Luton,Preston,LUT,PRES,England,2020-12-12,4667
2,1,2,Wycombe,Coventry,WYC,COV,England,2020-12-12,4667
2,0,1,Southampton,Manchester C,SOUT,MANC,England,2020-12-19,4668
1,2,1,Everton,Arsenal,EVE,ARS,England,2020-12-19,4668
X,1,1,Newcastle,Fulham,NEW,FUL,England,2020-12-19,4668
1,1,0,Stoke,Blackburn,STO,BBURN,England,2020-12-19,4668
1,3,1,Brentford,Reading,BREN,REA,England,2020-12-19,4668
2,1,4,Birmingham,Middlesbrough,BIRM,MIDD,England,2020-12-19,4668
1,2,0,Huddersfield,Watford,HUDD,WAT,England,2020-12-19,4668
1,2,0,Swansea,Barnsley,SWAN,BARN,England,2020-12-19,4668
X,1,1,Millwall,Nottingham,MILL,NOTT,England,2020-12-19,4668
X,0,0,Luton,Bournemouth,LUT,BOUR,England,2020-12-19,4668
2,0,0,Rotherham,Derby,ROTH,DER,England,2020-12-19,4668
1,1,0,Sheffield W,Coventry,SH.W,COV,England,2020-12-19,4668
X,1,1,Wycombe,Queens PR,WYC,QPR,England,2020-12-19,4668
1,3,1,Arsenal,Chelsea,ARS,CHEL,England,2020-12-26,4669
1,2,0,Manchester C,Newcastle,MANC,NEW,England,2020-12-26,4669
1,3,0,Aston Villa,Crystal Palace,A.V,CRY,England,2020-12-26,4669
X,0,0,Fulham,Southampton,FUL,SOUT,England,2020-12-26,4669
2,0,1,Sheffield U,Everton,SH.U,EVE,England,2020-12-26,4669
1,1,0,Watford,Norwich,WAT,NOR,England,2020-12-26,4669
2,2,3,Cardiff,Brentford,CARD,BREN,England,2020-12-26,4669
1,2,1,Barnsley,Huddersfield,BARN,HUDD,England,2020-12-26,4669
2,0,1,Derby,Preston,DER,PRES,England,2020-12-26,4669
2,0,2,Queens PR,Swansea,QPR,SWAN,England,2020-12-26,4669
1,2,1,Reading,Luton,REA,LUT,England,2020-12-26,4669
X,0,0,Nottingham,Birmingham,NOTT,BIRM,England,2020-12-26,4669
X,0,0,Coventry,Stoke,COV,STO,England,2020-12-26,4669
2,0,4,West Bromwich,Arsenal,WBA,ARS,England,2021-01-02,4670
1,2,0,Crystal Palace,Sheffield U,CRY,SH.U,England,2021-01-02,4670
X,3,3,Brighton,Wolverhampton,BRIG,WOL,England,2021-01-02,4670
2,0,1,Stoke,Bournemouth,STO,BOUR,England,2021-01-02,4670
1,2,1,Swansea,Watford,SWAN,WAT,England,2021-01-02,4670
2,1,2,Huddersfield,Reading,HUDD,REA,England,2021-01-02,4670
X,0,0,Brentford,Bristol C,BREN,BRISC,England,2021-01-02,4670
1,1,0,Norwich,Barnsley,NOR,BARN,England,2021-01-02,4670
X,0,0,Luton,Queens PR,LUT,QPR,England,2021-01-02,4670
2,0,2,Birmingham,Blackburn,BIRM,BBURN,England,2021-01-02,4670
2,0,1,Preston,Nottingham,PRES,NOTT,England,2021-01-02,4670
2,1,3,Wycombe,Middlesbrough,WYC,MIDD,England,2021-01-02,4670
2,0,0,Rotherham,Cardiff,ROTH,CARD,England,2021-01-02,4670
1,1,0,Manchester U,Watford,MANU,WAT,England,2021-01-09,4671
X,0,0,Arsenal,Newcastle,ARS,NEW,England,2021-01-09,4671
1,0,0,Southampton,Shrewsbury,SOUT,SHREW,England,2021-01-09,4671
2,0,4,Stoke,Leicester,STO,LEI,England,2021-01-09,4671
X,2,2,Blackpool,West Bromwich,BPOOL,WBA,England,2021-01-09,4671
1,2,1,Brentford,Middlesbrough,BREN,MIDD,England,2021-01-09,4671
1,4,1,Wycombe,Preston,WYC,PRES,England,2021-01-09,4671
X,0,0,Queens PR,Fulham,QPR,FUL,England,2021-01-09,4671
X,1,1,Burnley,Milton Keynes Dons,BURN,MKDON,England,2021-01-09,4671
2,1,4,Oldham,Bournemouth,OLDHA,BOUR,England,2021-01-09,4671
2,0,1,Blackburn,Doncaster,BBURN,DONCA,England,2021-01-09,4671
2,2,3,Bristol Rovers,Sheffield U,BRISR,SH.U,England,2021-01-09,4671
2,2,3,Huddersfield,Plymouth,HUDD,PLYMO,England,2021-01-09,4671
1,2,0,Leicester,Southampton,LEI,SOUT,England,2021-01-16,4672
2,0,1,Fulham,Chelsea,FUL,CHEL,England,2021-01-16,4672
2,0,1,Leeds,Brighton,LEE,BRIG,England,2021-01-16,4672
1,1,0,West Ham,Burnley,WEST,BURN,England,2021-01-16,4672
X,1,1,Blackburn,Stoke,BBURN,STO,England,2021-01-16,4672
2,1,2,Cardiff,Norwich,CARD,NOR,England,2021-01-16,4672
2,0,2,Barnsley,Swansea,BARN,SWAN,England,2021-01-16,4672
1,2,0,Bristol C,Preston,BRISC,PRES,England,2021-01-16,4672
1,2,0,Watford,Huddersfield,WAT,HUDD,England,2021-01-16,4672
1,3,1,Nottingham,Millwall,NOTT,MILL,England,2021-01-16,4672
2,0,1,Bournemouth,Luton,BOUR,LUT,England,2021-01-16,4672
1,0,0,Coventry,Sheffield W,COV,SH.W,England,2021-01-16,4672
1,0,0,Queens PR,Wycombe,QPR,WYC,England,2021-01-16,4672
1,2,0,Aston Villa,Newcastle,A.V,NEW,England,2021-01-23,4673
1,5,1,Swansea,Nottingham,SWAN,NOTT,England,2021-01-23,4673
1,4,0,West Ham,Doncaster,WEST,DONCA,England,2021-01-23,4673
1,1,0,Barnsley,Norwich,BARN,NOR,England,2021-01-23,4673
2,0,3,Millwall,Bristol C,MILL,BRISC,England,2021-01-23,4673
1,2,1,Brighton,Blackpool,BRIG,BPOOL,England,2021-01-23,4673
1,2,1,Sheffield U,Plymouth,SH.U,PLYMO,England,2021-01-23,4673
2,0,1,Queens PR,Derby,QPR,DER,England,2021-01-23,4673
X,2,2,Gillingham,Rochdale,GILLI,ROCH,England,2021-01-23,4673
2,0,1,Ipswich,Peterborough,IPSWI,PBORO,England,2021-01-23,4673
2,0,4,Portsmouth,Hull,PORTS,HULL,England,2021-01-23,4673
1,1,0,Sunderland,Shrewsbury,SUND,SHREW,England,2021-01-23,4673
X,2,2,Charlton,Swindon,CHARL,SWIND,England,2021-01-23,4673
X,0,0,Arsenal,Manchester U,ARS,MANU,England,2021-01-30,4674
1,1,0,Manchester C,Sheffield U,MANC,SH.U,England,2021-01-30,4674
1,1,0,Crystal Palace,Wolverhampton,CRY,WOL,England,2021-01-30,4674
2,0,1,Southampton,Aston Villa,SOUT,A.V,England,2021-01-30,4674
X,2,2,West Bromwich,Fulham,WBA,FUL,England,2021-01-30,4674
X,1,1,Cardiff,Millwall,CARD,MILL,England,2021-01-30,4674
2,1,3,Rotherham,Swansea,ROTH,SWAN,England,2021-01-30,4674
X,1,1,Huddersfield,Stoke,HUDD,STO,England,2021-01-30,4674
1,1,0,Blackburn,Luton,BBURN,LUT,England,2021-01-30,4674
1,1,0,Sheffield W,Preston,SH.W,PRES,England,2021-01-30,4674
X,1,1,Birmingham,Coventry,BIRM,COV,England,2021-01-30,4674
1,1,0,Derby,Bristol C,DER,BRISC,England,2021-01-30,4674
X,0,0,Nottingham,Barnsley,NOTT,BARN,England,2021-01-30,4674
X,3,3,Manchester U,Everton,MANU,EVE,England,2021-02-06,4675
1,3,2,Newcastle,Southampton,NEW,SOUT,England,2021-02-06,4675
X,1,1,Burnley,Brighton,BURN,BRIG,England,2021-02-06,4675
X,0,0,Fulham,West Ham,FUL,WEST,England,2021-02-06,4675
2,1,4,Middlesbrough,Brentford,MIDD,BREN,England,2021-02-06,4675
X,0,0,Stoke,Reading,STO,REA,England,2021-02-06,4675
2,0,2,Bristol C,Cardiff,BRISC,CARD,England,2021-02-06,4675
1,1,0,Queens PR,Blackburn,QPR,BBURN,England,2021-02-06,4675
X,1,1,Luton,Huddersfield,LUT,HUDD,England,2021-02-06,4675
1,0,0,Barnsley,Derby,BARN,DER,England,2021-02-06,4675
1,4,1,Millwall,Sheffield W,MILL,SH.W,England,2021-02-06,4675
1,3,2,Bournemouth,Birmingham,BOUR,BIRM,England,2021-02-06,4675
2,1,2,Preston,Rotherham,PRES,ROTH,England,2021-02-06,4675
1,3,0,Manchester C,Tottenham,MANC,TOTT,England,2021-02-13,4676
2,0,3,Crystal Palace,Burnley,CRY,BURN,England,2021-02-13,4676
X,0,0,Brighton,Aston Villa,BRIG,A.V,England,2021-02-13,4676
1,6,0,Watford,Bristol C,WAT,BRISC,England,2021-02-13,4676
1,4,1,Norwich,Stoke,NOR,STO,England,2021-02-13,4676
2,0,0,Rotherham,Queens PR,ROTH,QPR,England,2021-02-13,4676
2,1,2,Reading,Millwall,REA,MILL,England,2021-02-13,4676
1,3,1,Cardiff,Coventry,CARD,COV,England,2021-02-13,4676
2,0,1,Birmingham,Luton,BIRM,LUT,England,2021-02-13,4676
1,2,1,Derby,Middlesbrough,DER,MIDD,England,2021-02-13,4676
2,2,3,Huddersfield,Wycombe,HUDD,WYC,England,2021-02-13,4676
2,0,0,Sheffield W,Swansea,SH.W,SWAN,England,2021-02-13,4676
1,4,1,Sunderland,Doncaster,SUND,DONCA,England,2021-02-13,4676
2,0,2,Liverpool,Everton,LIV,EVE,England,2021-02-20,4677
1,1,0,Fulham,Sheffield U,FUL,SH.U,England,2021-02-20,4677
X,0,0,Burnley,West Bromwich,BURN,WBA,England,2021-02-20,4677
2,0,1,Bristol C,Barnsley,BRISC,BARN,England,2021-02-20,4677
1,4,0,Cardiff,Preston,CARD,PRES,England,2021-02-20,4677
1,4,1,Huddersfield,Swansea,HUDD,SWAN,England,2021-02-20,4677
1,1,0,Nottingham,Blackburn,NOTT,BBURN,England,2021-02-20,4677
1,2,1,Queens PR,Bournemouth,QPR,BOUR,England,2021-02-20,4677
X,0,0,Millwall,Wycombe,MILL,WYC,England,2021-02-20,4677
1,1,0,Norwich,Rotherham,NOR,ROTH,England,2021-02-20,4677
2,0,2,Reading,Middlesbrough,REA,MIDD,England,2021-02-20,4677
2,0,1,Sheffield W,Birmingham,SH.W,BIRM,England,2021-02-20,4677
1,3,0,Stoke,Luton,STO,LUT,England,2021-02-20,4677
2,0,1,Leeds,Aston Villa,LEE,A.V,England,2021-02-27,4678
X,1,1,Newcastle,Wolverhampton,NEW,WOL,England,2021-02-27,4678
1,1,0,West Bromwich,Brighton,WBA,BRIG,England,2021-02-27,4678
1,2,1,Barnsley,Millwall,BARN,MILL,England,2021-02-27,4678
1,2,1,Birmingham,Queens PR,BIRM,QPR,England,2021-02-27,4678
X,1,1,Blackburn,Coventry,BBURN,COV,England,2021-02-27,4678
1,2,1,Brentford,Stoke,BREN,STO,England,2021-02-27,4678
X,1,1,Middlesbrough,Cardiff,MIDD,CARD,England,2021-02-27,4678
1,3,2,Luton,Sheffield W,LUT,SH.W,England,2021-02-27,4678
1,3,0,Preston,Huddersfield,PRES,HUDD,England,2021-02-27,4678
2,0,1,Rotherham,Reading,ROTH,REA,England,2021-02-27,4678
2,1,3,Swansea,Bristol C,SWAN,BRISC,England,2021-02-27,4678
X,2,2,Crewe,Sunderland,CREWE,SUND,England,2021-02-27,4678
X,0,0,Aston Villa,Wolverhampton,A.V,WOL,England,2021-03-06,4679
2,1,2,Brighton,Leicester,BRIG,LEI,England,2021-03-06,4679
2,0,2,Sheffield U,Southampton,SH.U,SOUT,England,2021-03-06,4679
2,0,2,Bristol C,Queens PR,BRISC,QPR,England,2021-03-06,4679
1,1,0,Coventry,Derby,COV,DER,England,2021-03-06,4679
2,0,2,Millwall,Blackburn,MILL,BBURN,England,2021-03-06,4679
1,3,0,Reading,Sheffield W,REA,SH.W,England,2021-03-06,4679
1,2,1,Swansea,Middlesbrough,SWAN,MIDD,England,2021-03-06,4679
1,3,0,Norwich,Luton,NOR,LUT,England,2021-03-06,4679
1,2,0,Stoke,Wycombe,STO,WYC,England,2021-03-06,4679
2,0,0,Brentford,Rotherham,BREN,ROTH,England,2021-03-06,4679
1,1,0,Barnsley,Birmingham,BARN,BIRM,England,2021-03-06,4679
X,1,1,Preston,Bournemouth,PRES,BOUR,England,2021-03-06,4679
2,0,3,Fulham,Manchester C,FUL,MANC,England,2021-03-13,4680
2,1,2,Everton,Burnley,EVE,BURN,England,2021-03-13,4680
1,1,0,Crystal Palace,West Bromwich,CRY,WBA,England,2021-03-13,4680
2,2,3,Bournemouth,Barnsley,BOUR,BARN,England,2021-03-13,4680
2,0,3,Birmingham,Bristol C,BIRM,BRISC,England,2021-03-13,4680
2,1,2,Cardiff,Watford,CARD,WAT,England,2021-03-13,4680
2,0,1,Derby,Millwall,DER,MILL,England,2021-03-13,4680
X,1,1,Nottingham,Reading,NOTT,REA,England,2021-03-13,4680
1,3,0,Middlesbrough,Stoke,MIDD,STO,England,2021-03-13,4680
2,0,1,Queens PR,Huddersfield,QPR,HUDD,England,2021-03-13,4680
1,1,0,Wycombe,Preston,WYC,PRES,England,2021-03-13,4680
1,2,0,Hull,Oxford United,HULL,OXFUT,England,2021-03-13,4680
2,2,3,IFK Norrköping,BK Häcken,NORRK,BKHÄC,Sverige,2021-03-13,4680
2,0,2,Everton,Manchester C,EVE,MANC,England,2021-03-20,4681
1,3,0,Brighton,Newcastle,BRIG,NEW,England,2021-03-20,4681
1,1,0,Millwall,Middlesbrough,MILL,MIDD,England,2021-03-20,4681
2,0,1,Swansea,Cardiff,SWAN,CARD,England,2021-03-20,4681
2,0,1,Preston,Luton,PRES,LUT,England,2021-03-20,4681
X,1,1,Reading,Queens PR,REA,QPR,England,2021-03-20,4681
1,1,0,Stoke,Derby,STO,DER,England,2021-03-20,4681
2,0,2,Bristol C,Rotherham,BRISC,ROTH,England,2021-03-20,4681
X,0,0,Coventry,Wycombe,COV,WYC,England,2021-03-20,4681
X,1,1,Norwich,Blackburn,NOR,BBURN,England,2021-03-20,4681
2,1,2,Barnsley,Sheffield W,BARN,SH.W,England,2021-03-20,4681
1,3,0,Watford,Birmingham,WAT,BIRM,England,2021-03-20,4681
X,1,1,Sunderland,Lincoln,SUND,LINCO,England,2021-03-20,4681
2,0,3,Norge,Turkiet,NORGE,TURK,"Norge, Turkiet",2021-03-27,4682
X,2,2,Serbien,Portugal,SERBI,POR,"Serbien, Portugal",2021-03-27,4682
X,1,1,Tjeckien,Belgien,TJEC,BEL,"Tjeckien, Belgien",2021-03-27,4682
2,0,1,Irland,Luxemburg,IRL,LUX,"Irland, Luxemburg",2021-03-27,4682
X,1,1,Tyskland U21,Nederländerna U21,TYU21,NEU21,"Tyskland, Nederländerna",2021-03-27,4682
X,0,0,Spanien U21,Italien U21,SPU21,ITU21,"Spanien, Italien",2021-03-27,4682
X,1,1,Slovenien U21,Tjeckien U21,SLU21,TJU21,"Slovenien, Tjeckien",2021-03-27,4682
2,1,2,Ungern U21,Rumänien U21,UNG21,RUM21,"Ungern, Rumänien",2021-03-27,4682
2,0,3,Kosovo,Sverige,KOSOV,SVE,"Internationell, Sverige",2021-03-27,4682
2,0,2,Bulgarien,Italien,BUL,ITA,"Bulgarien, Italien",2021-03-27,4682
X,1,1,Ukraina,Finland,UKR,FIN,"Ukraina, Finland",2021-03-27,4682
X,1,1,Israel,Skottland,ISR,SKO,"Israel, Skottland",2021-03-27,4682
2,0,2,Albanien,England,ALB,ENG,"Albanien, England",2021-03-27,4682
2,0,3,Arsenal,Liverpool,ARS,LIV,England,2021-04-03,4683
1,2,1,Leeds,Sheffield U,LEE,SH.U,England,2021-04-03,4683
2,0,2,Leicester,Manchester C,LEI,MANC,England,2021-04-03,4683
X,2,2,Torino,Juventus,TOR,JUV,Italien,2021-04-03,4683
2,0,1,Bologna,Inter,BOLO,INT,Italien,2021-04-03,4683
2,0,1,Paris SG,Lille,PSG,LIL,Frankrike,2021-04-03,4683
X,1,1,Lens,Lyon,LENS,LYON,Frankrike,2021-04-03,4683
X,0,0,Osasuna,Getafe,OSA,GETAF,Spanien,2021-04-03,4683
1,2,0,Real Madrid,Eibar,R.M,EIBAR,Spanien,2021-04-03,4683
2,0,1,Athletic Bilbao,Real Sociedad,ATBIL,SOC,Spanien,2021-04-03,4683
2,0,1,RB Leipzig,Bayern München,LEIPZ,MUN,Tyskland,2021-04-03,4683
1,2,1,Mönchengladbach,Freiburg,GLAD,FREI,Tyskland,2021-04-03,4683
2,1,2,Twente,Vitesse Arnhem,TWE,VITE,Nederländerna,2021-04-03,4683
1,2,1,Liverpool,Aston Villa,LIV,A.V,England,2021-04-10,4684
2,1,4,Crystal Palace,Chelsea,CRY,CHEL,England,2021-04-10,4684
1,2,0,Barnsley,Middlesbrough,BARN,MIDD,England,2021-04-10,4684
1,2,0,Birmingham,Stoke,BIRM,STO,England,2021-04-10,4684
X,0,0,Bristol C,Nottingham,BRISC,NOTT,England,2021-04-10,4684
X,2,2,Cardiff,Blackburn,CARD,BBURN,England,2021-04-10,4684
2,0,5,Preston,Brentford,PRES,BREN,England,2021-04-10,4684
X,0,0,Huddersfield,Rotherham,HUDD,ROTH,England,2021-04-10,4684
2,0,1,Derby,Norwich,DER,NOR,England,2021-04-10,4684
1,4,1,Bournemouth,Coventry,BOUR,COV,England,2021-04-10,4684
1,4,1,Queens PR,Sheffield W,QPR,SH.W,England,2021-04-10,4684
2,1,3,Wycombe,Luton,WYC,LUT,England,2021-04-10,4684
X,0,0,Örebro SK,IFK Göteborg,ÖRE,IFKGÖ,Sverige,2021-04-10,4684
1,1,0,Chelsea,Manchester C,CHEL,MANC,England,2021-04-17,4685
1,1,0,Wolverhampton,Sheffield U,WOL,SH.U,England,2021-04-17,4685
2,1,3,Norwich,Bournemouth,NOR,BOUR,England,2021-04-17,4685
1,4,1,AFC Wimbledon,Swindon,AFCWI,SWIND,England,2021-04-17,4685
1,3,2,Oxford United,Gillingham,OXFUT,GILLI,England,2021-04-17,4685
1,2,1,Colchester,Walsall,COLCH,WALSA,England,2021-04-17,4685
2,0,4,Athletic Bilbao,Barcelona,ATBIL,BAR,Spanien,2021-04-17,4685
1,3,1,Sassuolo,Fiorentina,SASSU,FIO,Italien,2021-04-17,4685
1,4,3,Cagliari,Parma,CAG,PAR,Italien,2021-04-17,4685
1,3,2,Marseille,Lorient,MAR,LORIE,Frankrike,2021-04-17,4685
1,3,0,Bayer Leverkusen,Köln,LEV,KÖLN,Tyskland,2021-04-17,4685
X,1,1,Aberdeen,Livingston,ABER,LIVIN,Skottland,2021-04-17,4685
1,3,2,Royal Antwerp,Genk,RANTW,GENK,Belgien,2021-04-17,4685
2,0,1,West Ham,Chelsea,WEST,CHEL,England,2021-04-24,4686
1,1,0,Sheffield U,Brighton,SH.U,BRIG,England,2021-04-24,4686
1,5,2,Blackburn,Huddersfield,BBURN,HUDD,England,2021-04-24,4686
2,0,1,Coventry,Preston,COV,PRES,England,2021-04-24,4686
2,1,2,Derby,Birmingham,DER,BIRM,England,2021-04-24,4686
X,1,1,Nottingham,Stoke,NOTT,STO,England,2021-04-24,4686
1,1,0,Watford,Millwall,WAT,MILL,England,2021-04-24,4686
1,3,1,Middlesbrough,Sheffield W,MIDD,SH.W,England,2021-04-24,4686
1,1,0,Barnsley,Rotherham,BARN,ROTH,England,2021-04-24,4686
1,2,1,Cardiff,Wycombe,CARD,WYC,England,2021-04-24,4686
2,1,3,Queens PR,Norwich,QPR,NOR,England,2021-04-24,4686
2,0,1,Charlton,Peterborough,CHARL,PBORO,England,2021-04-24,4686
2,1,2,Lincoln,Hull,LINCO,HULL,England,2021-04-24,4686
1,2,0,Brighton,Leeds,BRIG,LEE,England,2021-05-01,4687
1,2,0,Chelsea,Fulham,CHEL,FUL,England,2021-05-01,4687
2,1,2,Everton,Aston Villa,EVE,A.V,England,2021-05-01,4687
1,2,0,Brentford,Watford,BREN,WAT,England,2021-05-01,4687
X,1,1,Luton,Middlesbrough,LUT,MIDD,England,2021-05-01,4687
1,2,0,Preston,Barnsley,PRES,BARN,England,2021-05-01,4687
2,0,2,Stoke,Queens PR,STO,QPR,England,2021-05-01,4687
X,1,1,Huddersfield,Coventry,HUDD,COV,England,2021-05-01,4687
1,2,1,Swansea,Derby,SWAN,DER,England,2021-05-01,4687
1,4,1,Millwall,Bristol C,MILL,BRISC,England,2021-05-01,4687
X,1,1,Rotherham,Blackburn,ROTH,BBURN,England,2021-05-01,4687
2,0,4,Birmingham,Cardiff,BIRM,CARD,England,2021-05-01,4687
X,1,1,Hammarby,BK Häcken,HAMFO,BKHÄC,Sverige,2021-05-01,4687
2,1,2,Manchester C,Chelsea,MANC,CHEL,England,2021-05-08,4688
1,2,0,Liverpool,Southampton,LIV,SOUT,England,2021-05-08,4688
2,0,2,Sheffield U,Crystal Palace,SH.U,CRY,England,2021-05-08,4688
X,2,2,Elfsborg,Kalmar FF,ELFSB,KFF,Sverige,2021-05-08,4688
1,1,0,Örebro SK,Halmstad,ÖRE,HALMS,Sverige,2021-05-08,4688
X,0,0,Barcelona,Atlético Madrid,BAR,A.M,Spanien,2021-05-08,4688
X,2,2,Athletic Bilbao,Osasuna,ATBIL,OSA,Spanien,2021-05-08,4688
1,2,1,Cadiz,Huesca,CADIZ,HUESC,Spanien,2021-05-08,4688
1,2,0,Fiorentina,Lazio,FIO,LAZ,Italien,2021-05-08,4688
1,4,1,Lyon,Lorient,LYON,LORIE,Frankrike,2021-05-08,4688
1,6,0,Bayern München,Mönchengladbach,MUN,GLAD,Tyskland,2021-05-08,4688
2,0,2,Dundee U,Hibernian,D.U,HIBS,Skottland,2021-05-08,4688
1,3,1,Galatasaray,Besiktas,GAL,BES,Turkiet,2021-05-08,4688
2,0,1,Chelsea,Leicester,CHEL,LEI,England,2021-05-15,4689
X,1,1,Brighton,West Ham,BRIG,WEST,England,2021-05-15,4689
1,3,1,Southampton,Fulham,SOUT,FUL,England,2021-05-15,4689
1,3,2,Juventus,Inter,JUV,INT,Italien,2021-05-15,4689
1,2,0,Roma,Lazio,ROMA,LAZ,Italien,2021-05-15,4689
1,4,3,Benfica,Sporting Lissabon,BENF,SCP,Portugal,2021-05-15,4689
2,1,2,Anderlecht,Genk,AND,GENK,Belgien,2021-05-15,4689
2,0,1,Helsingborgs IF,Östers IF,HELSI,ÖSTER,Sverige,2021-05-15,4689
1,5,0,Brommapojkarna,Hudiksvalls Förenade FF,BP,HUDIK,Sverige,2021-05-15,4689
X,1,1,Gefle IF FF,IFK Haninge,GEFLE,HANIN,Sverige,2021-05-15,4689
1,2,1,Örebro Syrianska IF,Täby FK,ÖRSYR,TÄBFK,Sverige,2021-05-15,4689
2,0,3,Assyriska IK,Åtvidabergs FF,ASSIK,ÅTVID,Sverige,2021-05-15,4689
1,4,1,Lunds BK,Vänersborgs IF,LUNBK,VÄNIF,Sverige,2021-05-15,4689
1,2,1,Aston Villa,Chelsea,A.V,CHEL,England,2021-05-23,4690
1,2,0,Liverpool,Crystal Palace,LIV,CRY,England,2021-05-23,4690
2,2,4,Leicester,Tottenham,LEI,TOTT,England,2021-05-23,4690
1,5,0,Manchester C,Everton,MANC,EVE,England,2021-05-23,4690
1,2,0,Arsenal,Brighton,ARS,BRIG,England,2021-05-23,4690
2,1,2,Wolverhampton,Manchester U,WOL,MANU,England,2021-05-23,4690
1,3,0,West Ham,Southampton,WEST,SOUT,England,2021-05-23,4690
1,3,1,Leeds,West Bromwich,LEE,WBA,England,2021-05-23,4690
1,1,0,Sheffield U,Burnley,SH.U,BURN,England,2021-05-23,4690
2,0,2,Fulham,Newcastle,FUL,NEW,England,2021-05-23,4690
2,0,2,Atalanta,Milan,ATA,MIL,Italien,2021-05-23,4690
X,0,0,Djurgården,IFK Göteborg,DJURG,IFKGÖ,Sverige,2021-05-23,4690
1,3,1,BK Häcken,Varbergs BoIS,BKHÄC,VABBO,Sverige,2021-05-23,4690
2,0,1,Manchester C,Chelsea,MANC,CHEL,England,2021-05-29,4691
1,2,0,Sverige,Finland,SVE,FIN,"Sverige, Finland",2021-05-29,4691
1,2,0,Brentford,Swansea,BREN,SWAN,England,2021-05-29,4691
2,0,2,Norrby IF,GAIS,NORRB,GAIS,Sverige,2021-05-29,4691
1,2,1,Assyriska FF,Hudiksvalls Förenade FF,ASSFF,HUDIK,Sverige,2021-05-29,4691
1,3,1,Umeå FC,Sandvikens IF,UMEÅ,SANIF,Sverige,2021-05-29,4691
X,3,3,Assyriska IK,IFK Malmö FK,ASSIK,IFKMÖ,Sverige,2021-05-29,4691
2,1,4,Torns IF,FC Trollhättan,TORNS,FCTRO,Sverige,2021-05-29,4691
1,5,0,Oskarshamns AIK,Skövde AIK,OSKAR,SKÖVD,Sverige,2021-05-29,4691
X,3,3,Lindome GIF,Österlen FF,LINDO,ÖSTLE,Sverige,2021-05-29,4691
X,0,0,Hammarby,BK Häcken,HAMFO,BKHÄC,Sverige,2021-05-29,4691
1,1,0,Vasalunds IF,Östers IF,VASAL,ÖSTER,Sverige,2021-05-29,4691
1,2,1,Blackpool,Lincoln,BPOOL,LINCO,England,2021-05-29,4691
1,3,1,Sverige,Armenien,SVE,ARM,"Sverige, Armenien",2021-06-05,4692
1,1,0,Ryssland,Bulgarien,RYSS,BUL,"Ryssland, Bulgarien",2021-06-05,4692
X,0,0,Wales,Albanien,WALES,ALB,"Wales, Albanien",2021-06-05,4692
X,0,0,Örgryte IS,IFK Värnamo,ÖRGRY,VÄRNA,Sverige,2021-06-05,4692
2,0,1,Hudiksvalls Förenade FF,Umeå FC,HUDIK,UMEÅ,Sverige,2021-06-05,4692
2,2,3,Hammarby Talang FF,Örebro Syrianska IF,HAMTA,ÖRSYR,Sverige,2021-06-05,4692
1,3,2,Sandvikens IF,Dalkurd FF,SANIF,DALKU,Sverige,2021-06-05,4692
1,3,1,FC Trollhättan,IFK Malmö FK,FCTRO,IFKMÖ,Sverige,2021-06-05,4692
X,0,0,Tvååkers IF,Oskarshamns AIK,TVÅÅK,OSKAR,Sverige,2021-06-05,4692
1,5,1,Utsiktens BK,Torns IF,UTSIK,TORNS,Sverige,2021-06-05,4692
X,1,1,Österlen FF,Ljungskile SK,ÖSTLE,LKILE,Sverige,2021-06-05,4692
1,2,0,AIK,KIF Örebro DFF,AIKFD,KIFÖR,Sverige,2021-06-05,4692
1,3,2,Notts County,Chesterfield,N.C,CFIEL,England,2021-06-05,4692
2,0,1,Danmark,Finland,DAN,FIN,"Danmark, Finland",2021-06-12,4693
1,3,0,Belgien,Ryssland,BEL,RYSS,"Belgien, Ryssland",2021-06-12,4693
1,4,1,Gefle IF FF,Täby FK,GEFLE,TÄBFK,Sverige,2021-06-12,4693
X,1,1,Hudiksvalls Förenade FF,Dalkurd FF,HUDIK,DALKU,Sverige,2021-06-12,4693
1,2,0,IF Karlstad Fotboll,Sollentuna FK,KARF,STUNA,Sverige,2021-06-12,4693
2,1,2,Örebro Syrianska IF,Umeå FC,ÖRSYR,UMEÅ,Sverige,2021-06-12,4693
1,2,0,Assyriska IK,Lindome GIF,ASSIK,LINDO,Sverige,2021-06-12,4693
1,4,1,Oskarshamns AIK,Lunds BK,OSKAR,LUNBK,Sverige,2021-06-12,4693
1,3,2,Torns IF,Skövde AIK,TORNS,SKÖVD,Sverige,2021-06-12,4693
2,0,1,Åtvidabergs FF,Vänersborgs IF,ÅTVID,VÄNIF,Sverige,2021-06-12,4693
1,1,0,England,Kroatien,ENG,KROA,"England, Kroatien",2021-06-12,4693
1,3,1,Österrike,Nordmakedonien,ÖSTER,MAK,"Österrike, Nordmakedonien",2021-06-12,4693
1,3,2,Nederländerna,Ukraina,NED,UKR,"Nederländerna, Ukraina",2021-06-12,4693
2,2,4,Portugal,Tyskland,POR,TYS,"Portugal, Tyskland",2021-06-19,4694
X,1,1,Spanien,Polen,SPA,POL,"Spanien, Polen",2021-06-19,4694
1,1,0,Jönköpings Södra,GAIS,JÖNSÖ,GAIS,Sverige,2021-06-19,4694
2,0,3,Vasalunds IF,Landskrona BoIS,VASAL,LBOIS,Sverige,2021-06-19,4694
1,5,0,IF Sylvia,IFK Haninge,SYLVI,HANIN,Sverige,2021-06-19,4694
1,2,1,Dalkurd FF,IF Karlstad Fotboll,DALKU,KARF,Sverige,2021-06-19,4694
X,2,2,Sollentuna FK,Hudiksvalls Förenade FF,STUNA,HUDIK,Sverige,2021-06-19,4694
1,2,0,Sandvikens IF,Gefle IF FF,SANIF,GEFLE,Sverige,2021-06-19,4694
2,1,2,Assyriska IK,FC Linköping City,ASSIK,LKCIT,Sverige,2021-06-19,4694
2,0,2,Tvååkers IF,Skövde AIK,TVÅÅK,SKÖVD,Sverige,2021-06-19,4694
1,2,1,Utsiktens BK,Åtvidabergs FF,UTSIK,ÅTVID,Sverige,2021-06-19,4694
2,1,2,Österlen FF,FC Trollhättan,ÖSTLE,FCTRO,Sverige,2021-06-19,4694
1,1,0,Ytterhogdals IK,Friska Viljor FC,YTTIK,FRISV,Sverige,2021-06-19,4694
1,1,0,Belgien,Portugal,BEL,POR,"Belgien, Portugal",2021-06-27,4695
2,0,2,Nederländerna,Tjeckien,NED,TJEC,"Nederländerna, Tjeckien",2021-06-27,4695
2,0,2,Assyriska FF,Brommapojkarna,ASSFF,BP,Sverige,2021-06-27,4695
1,2,1,IF Karlstad Fotboll,IF Sylvia,KARF,SYLVI,Sverige,2021-06-27,4695
1,4,1,Sandvikens IF,Täby FK,SANIF,TÄBFK,Sverige,2021-06-27,4695
1,1,0,Örebro Syrianska IF,Gefle IF FF,ÖRSYR,GEFLE,Sverige,2021-06-27,4695
X,1,1,FC Trollhättan,Oskarshamns AIK,FCTRO,OSKAR,Sverige,2021-06-27,4695
1,4,1,Bodö/Glimt,Stabaek,BODÖ,STAB,Norge,2021-06-27,4695
X,1,1,Brasilien,Ecuador,BRAS,ECU,"Brasilien, Ecuador",2021-06-27,4695
2,0,1,Venezuela,Peru,VZUEL,PERU,"Venezuela, Peru",2021-06-27,4695
X,3,3,Frankrike,Schweiz,FRANK,SCHW,"Frankrike, Schweiz",2021-06-27,4695
X,3,3,Kroatien,Spanien,KROA,SPA,"Kroatien, Spanien",2021-06-27,4695
1,2,1,IFK Haninge,Sollentuna FK,HANIN,STUNA,Sverige,2021-06-27,4695
2,1,2,Tjeckien,Danmark,TJEC,DAN,"Tjeckien, Danmark",2021-07-03,4696
2,0,4,Ukraina,England,UKR,ENG,"Ukraina, England",2021-07-03,4696
1,3,1,Degerfors IF,Östersunds FK,DEGER,ÖFK,Sverige,2021-07-03,4696
2,0,1,Gefle IF FF,Brommapojkarna,GEFLE,BP,Sverige,2021-07-03,4696
2,2,3,Sollentuna FK,Dalkurd FF,STUNA,DALKU,Sverige,2021-07-03,4696
2,2,3,Täby FK,Hudiksvalls Förenade FF,TÄBFK,HUDIK,Sverige,2021-07-03,4696
1,2,1,Oskarshamns AIK,FC Linköping City,OSKAR,LKCIT,Sverige,2021-07-03,4696
1,1,0,Utsiktens BK,FC Trollhättan,UTSIK,FCTRO,Sverige,2021-07-03,4696
2,2,3,Vänersborgs IF,Österlen FF,VÄNIF,ÖSTLE,Sverige,2021-07-03,4696
X,1,1,Hammarby,Halmstad,HAMFO,HALMS,Sverige,2021-07-03,4696
1,2,1,BK Häcken,AIK,BKHÄC,AIK,Sverige,2021-07-03,4696
1,2,1,IK Sirius,Mjällby AIF,SIR,MJÄLL,Sverige,2021-07-03,4696
X,1,1,Varbergs BoIS,Kalmar FF,VABBO,KFF,Sverige,2021-07-03,4696
1,2,1,AIK,Varbergs BoIS,AIK,VABBO,Sverige,2021-07-10,4697
X,1,1,Brann,Tromsö,BRANN,TROM,Norge,2021-07-10,4697
1,3,0,Mjöndalen IF,Haugesund,MJÖIF,HAUG,Norge,2021-07-10,4697
1,1,0,Rosenborg,Kristiansund BK,ROSEN,,Norge,2021-07-10,4697
X,1,1,Viking,Strömsgodset,VIKI,GODS,Norge,2021-07-10,4697
1,2,0,Sandefjord,Sarpsborg 08,SFJOR,SARPS,Norge,2021-07-10,4697
1,2,1,Gefle IF FF,IF Karlstad Fotboll,GEFLE,KARF,Sverige,2021-07-10,4697
X,3,3,Hammarby Talang FF,IFK Haninge,HAMTA,HANIN,Sverige,2021-07-10,4697
1,4,3,Örebro Syrianska IF,Assyriska FF,ÖRSYR,ASSFF,Sverige,2021-07-10,4697
1,6,2,Oskarshamns AIK,Assyriska IK,OSKAR,ASSIK,Sverige,2021-07-10,4697
1,5,0,Skövde AIK,FC Linköping City,SKÖVD,LKCIT,Sverige,2021-07-10,4697
X,1,1,Åtvidabergs FF,Ljungskile SK,ÅTVID,LKILE,Sverige,2021-07-10,4697
2,1,8,Österlen FF,Utsiktens BK,ÖSTLE,UTSIK,Sverige,2021-07-10,4697
1,3,0,Elfsborg,Östersunds FK,ELFSB,ÖFK,Sverige,2021-07-17,4698
1,2,0,IFK Värnamo,Östers IF,VÄRNA,ÖSTER,Sverige,2021-07-17,4698
1,3,2,Odds BK,Viking,ODDG,VIKI,Norge,2021-07-17,4698
X,2,2,Sarpsborg 08,Bodö/Glimt,SARPS,BODÖ,Norge,2021-07-17,4698
1,2,0,AIK,Kalmar FF,AIK,KFF,Sverige,2021-07-17,4698
1,3,2,IFK Göteborg,Mjällby AIF,IFKGÖ,MJÄLL,Sverige,2021-07-17,4698
2,0,1,IFK Norrköping,BK Häcken,NORRK,BKHÄC,Sverige,2021-07-17,4698
2,0,2,Örebro SK,Hammarby,ÖRE,HAMFO,Sverige,2021-07-17,4698
1,2,0,AFC Eskilstuna,GIF Sundsvall,AFCES,GIFSU,Sverige,2021-07-17,4698
2,0,4,Västerås SK,Helsingborgs IF,VSKFK,HELSI,Sverige,2021-07-17,4698
X,1,1,Lilleström,Molde,LILL,MOL,Norge,2021-07-17,4698
2,1,3,Tromsö,Rosenborg,TROM,ROSEN,Norge,2021-07-17,4698
1,3,1,Haugesund,Vålerengen,HAUG,VÅL,Norge,2021-07-17,4698
1,2,0,IK Sirius,Degerfors IF,SIR,DEGER,Sverige,2021-07-24,4699
2,0,1,IK Brage,Trelleborg,BRAGE,TFF,Sverige,2021-07-24,4699
1,2,0,Landskrona BoIS,GIF Sundsvall,LBOIS,GIFSU,Sverige,2021-07-24,4699
2,0,1,Aalborg,FC Midtjylland,AAB,MIDJY,Danmark,2021-07-24,4699
1,2,1,Hammarby,IFK Norrköping,HAMFO,NORRK,Sverige,2021-07-24,4699
X,1,1,BK Häcken,Elfsborg,BKHÄC,ELFSB,Sverige,2021-07-24,4699
2,0,1,Kalmar FF,Djurgården,KFF,DJURG,Sverige,2021-07-24,4699
1,4,0,AFC Eskilstuna,Örgryte IS,AFCES,ÖRGRY,Sverige,2021-07-24,4699
1,1,0,IFK Värnamo,Vasalunds IF,VÄRNA,VASAL,Sverige,2021-07-24,4699
X,1,1,Bröndby,Viborg,BRÖ,VIB,Danmark,2021-07-24,4699
X,0,0,FC Köpenhamn,Silkeborg,FCK,SILK,Danmark,2021-07-24,4699
X,0,0,FC Nordsjälland,AGF Aarhus,NORDS,AGF,Danmark,2021-07-24,4699
X,1,1,Randers FC,Odense,RANDE,ODEN,Danmark,2021-07-24,4699
X,1,1,Degerfors IF,Varbergs BoIS,DEGER,VABBO,Sverige,2021-07-31,4700
1,2,0,Trelleborg,Helsingborgs IF,TFF,HELSI,Sverige,2021-07-31,4700
1,4,2,Vasalunds IF,AFC Eskilstuna,VASAL,AFCES,Sverige,2021-07-31,4700
X,0,0,Ross County,St.Johnstone,ROSSC,ST.J,Skottland,2021-07-31,4700
X,2,2,Dundee FC,St.Mirren,DUNDE,MIRR,Skottland,2021-07-31,4700
1,2,1,Hearts,Celtic,HEA,CELT,Skottland,2021-07-31,4700
2,0,2,Viborg,FC Midtjylland,VIB,MIDJY,Danmark,2021-07-31,4700
2,2,4,IF Karlstad Fotbollsutveckling,Vänersborgs FK,KARFU,VÄNFK,Sverige,2021-07-31,4700
1,2,1,Djurgården,BK Häcken,DJURG,BKHÄC,Sverige,2021-07-31,4700
1,1,0,Kalmar FF,Mjällby AIF,KFF,MJÄLL,Sverige,2021-07-31,4700
X,1,1,Östersunds FK,Hammarby,ÖFK,HAMFO,Sverige,2021-07-31,4700
X,1,1,Falkenbergs FF,Norrby IF,FALKE,NORRB,Sverige,2021-07-31,4700
1,3,1,Västerås SK,Landskrona BoIS,VSKFK,LBOIS,Sverige,2021-07-31,4700
1,1,0,Leicester,Manchester C,LEI,MANC,England,2021-08-07,4701
1,2,1,Blackburn,Swansea,BBURN,SWAN,England,2021-08-07,4701
X,1,1,Bristol C,Blackpool,BRISC,BPOOL,England,2021-08-07,4701
X,1,1,Cardiff,Barnsley,CARD,BARN,England,2021-08-07,4701
X,1,1,Derby,Huddersfield,DER,HUDD,England,2021-08-07,4701
1,3,0,Luton,Peterborough,LUT,PBORO,England,2021-08-07,4701
2,1,4,Preston,Hull,PRES,HULL,England,2021-08-07,4701
X,1,1,Queens PR,Millwall,QPR,MILL,England,2021-08-07,4701
1,3,2,Stoke,Reading,STO,REA,England,2021-08-07,4701
X,0,0,Halmstad,Malmö FF,HALMS,MFF,Sverige,2021-08-07,4701
X,2,2,Örebro SK,Mjällby AIF,ÖRE,MJÄLL,Sverige,2021-08-07,4701
X,1,1,Falkenbergs FF,GIF Sundsvall,FALKE,GIFSU,Sverige,2021-08-07,4701
X,1,1,IFK Värnamo,AFC Eskilstuna,VÄRNA,AFCES,Sverige,2021-08-07,4701
1,3,0,Chelsea,Crystal Palace,CHEL,CRY,England,2021-08-14,4702
2,0,3,Norwich,Liverpool,NOR,LIV,England,2021-08-14,4702
1,3,1,Everton,Southampton,EVE,SOUT,England,2021-08-14,4702
1,1,0,Leicester,Wolverhampton,LEI,WOL,England,2021-08-14,4702
2,1,2,Burnley,Brighton,BURN,BRIG,England,2021-08-14,4702
1,3,2,Watford,Aston Villa,WAT,A.V,England,2021-08-14,4702
X,0,0,Birmingham,Stoke,BIRM,STO,England,2021-08-14,4702
2,0,2,Blackpool,Cardiff,BPOOL,CARD,England,2021-08-14,4702
2,0,3,Hull,Queens PR,HULL,QPR,England,2021-08-14,4702
2,1,5,Huddersfield,Fulham,HUDD,FUL,England,2021-08-14,4702
X,1,1,Millwall,Blackburn,MILL,BBURN,England,2021-08-14,4702
2,1,2,Nottingham,Bournemouth,NOTT,BOUR,England,2021-08-14,4702
X,1,1,Kalmar FF,Halmstad,KFF,HALMS,Sverige,2021-08-14,4702
X,2,2,Leeds,Everton,LEE,EVE,England,2021-08-21,4703
1,5,0,Manchester C,Norwich,MANC,NOR,England,2021-08-21,4703
1,2,0,Aston Villa,Newcastle,A.V,NEW,England,2021-08-21,4703
X,0,0,Crystal Palace,Brentford,CRY,BREN,England,2021-08-21,4703
1,2,0,Brighton,Watford,BRIG,WAT,England,2021-08-21,4703
2,1,2,Blackburn,West Bromwich,BBURN,WBA,England,2021-08-21,4703
1,3,1,Cardiff,Millwall,CARD,MILL,England,2021-08-21,4703
1,2,1,Coventry,Reading,COV,REA,England,2021-08-21,4703
X,0,0,Derby,Middlesbrough,DER,MIDD,England,2021-08-21,4703
1,2,0,Fulham,Hull,FUL,HULL,England,2021-08-21,4703
2,0,5,Luton,Birmingham,LUT,BIRM,England,2021-08-21,4703
1,1,0,Preston,Peterborough,PRES,PBORO,England,2021-08-21,4703
1,1,0,Stoke,Nottingham,STO,NOTT,England,2021-08-21,4703
X,1,1,Liverpool,Chelsea,LIV,CHEL,England,2021-08-28,4704
X,2,2,Newcastle,Southampton,NEW,SOUT,England,2021-08-28,4704
X,1,1,Aston Villa,Brentford,A.V,BREN,England,2021-08-28,4704
2,1,2,Norwich,Leicester,NOR,LEI,England,2021-08-28,4704
X,2,2,West Ham,Crystal Palace,WEST,CRY,England,2021-08-28,4704
2,0,2,Brighton,Everton,BRIG,EVE,England,2021-08-28,4704
X,1,1,Barnsley,Birmingham,BARN,BIRM,England,2021-08-28,4704
1,3,0,Fulham,Stoke,FUL,STO,England,2021-08-28,4704
1,4,0,Huddersfield,Reading,HUDD,REA,England,2021-08-28,4704
X,0,0,Hull,Bournemouth,HULL,BOUR,England,2021-08-28,4704
X,1,1,Middlesbrough,Blackburn,MIDD,BBURN,England,2021-08-28,4704
1,3,1,Preston,Swansea,PRES,SWAN,England,2021-08-28,4704
1,2,0,Queens PR,Coventry,QPR,COV,England,2021-08-28,4704
X,1,1,Ukraina,Frankrike,UKR,FRANK,"Ukraina, Frankrike",2021-09-04,4705
2,0,2,Lettland,Norge,LETT,NORGE,"Lettland, Norge",2021-09-04,4705
2,0,1,Slovakien,Kroatien,SLO,KROA,"Slovakien, Kroatien",2021-09-04,4705
2,0,2,Cypern,Ryssland,CYP,RYSS,"Cypern, Ryssland",2021-09-04,4705
X,1,1,Irland,Azerbajdzjan,IRL,AZER,"Irland, Azerbajdzjan",2021-09-04,4705
1,5,2,Israel,Österrike,ISR,ÖSTER,"Israel, Österrike",2021-09-04,4705
1,1,0,Skottland,Moldavien,SKO,MOLD,"Skottland, Moldavien",2021-09-04,4705
1,4,1,Serbien,Luxemburg,SERBI,LUX,"Serbien, Luxemburg",2021-09-04,4705
1,8,0,IF Sylvia,Hudiksvalls Förenade FF,SYLVI,HUDIK,Sverige,2021-09-04,4705
1,4,3,Sollentuna FK,Täby FK,STUNA,TÄBFK,Sverige,2021-09-04,4705
1,2,1,Lunds BK,FC Trollhättan,LUNBK,FCTRO,Sverige,2021-09-04,4705
1,2,0,Almeria,Malaga,ALMER,MALAG,Spanien,2021-09-04,4705
X,1,1,Eibar,CD Leganes,EIBAR,,Spanien,2021-09-04,4705
2,0,1,Leicester,Manchester C,LEI,MANC,England,2021-09-11,4706
1,1,0,Arsenal,Norwich,ARS,NOR,England,2021-09-11,4706
1,3,0,Chelsea,Aston Villa,CHEL,A.V,England,2021-09-11,4706
1,4,1,Manchester U,Newcastle,MANU,NEW,England,2021-09-11,4706
X,0,0,Southampton,West Ham,SOUT,WEST,England,2021-09-11,4706
2,0,1,Brentford,Brighton,BREN,BRIG,England,2021-09-11,4706
2,0,2,Watford,Wolverhampton,WAT,WOL,England,2021-09-11,4706
X,2,2,Blackburn,Luton,BBURN,LUT,England,2021-09-11,4706
1,3,0,Bournemouth,Barnsley,BOUR,BARN,England,2021-09-11,4706
X,0,0,Bristol C,Preston,BRISC,PRES,England,2021-09-11,4706
1,2,0,Coventry,Middlesbrough,COV,MIDD,England,2021-09-11,4706
X,3,3,Reading,Queens PR,REA,QPR,England,2021-09-11,4706
1,2,1,Stoke,Huddersfield,STO,HUDD,England,2021-09-11,4706
2,0,1,Burnley,Arsenal,BURN,ARS,England,2021-09-18,4707
1,3,0,Liverpool,Crystal Palace,LIV,CRY,England,2021-09-18,4707
X,0,0,Manchester C,Southampton,MANC,SOUT,England,2021-09-18,4707
1,3,0,Aston Villa,Everton,A.V,EVE,England,2021-09-18,4707
2,1,3,Norwich,Watford,NOR,WAT,England,2021-09-18,4707
X,0,0,Barnsley,Blackburn,BARN,BBURN,England,2021-09-18,4707
2,0,1,Cardiff,Bournemouth,CARD,BOUR,England,2021-09-18,4707
1,2,1,Derby,Stoke,DER,STO,England,2021-09-18,4707
X,3,3,Luton,Swansea,LUT,SWAN,England,2021-09-18,4707
X,1,1,Millwall,Coventry,MILL,COV,England,2021-09-18,4707
X,1,1,Preston,West Bromwich,PRES,WBA,England,2021-09-18,4707
1,3,0,Peterborough,Birmingham,PBORO,BIRM,England,2021-09-18,4707
2,1,2,Queens PR,Bristol C,QPR,BRISC,England,2021-09-18,4707
X,3,3,Brentford,Liverpool,BREN,LIV,England,2021-09-25,4708
2,1,2,Leeds,West Ham,LEE,WEST,England,2021-09-25,4708
X,2,2,Leicester,Burnley,LEI,BURN,England,2021-09-25,4708
1,2,0,Everton,Norwich,EVE,NOR,England,2021-09-25,4708
X,1,1,Watford,Newcastle,WAT,NEW,England,2021-09-25,4708
1,5,1,Blackburn,Cardiff,BBURN,CARD,England,2021-09-25,4708
X,0,0,Birmingham,Preston,BIRM,PRES,England,2021-09-25,4708
1,1,0,Blackpool,Barnsley,BPOOL,BARN,England,2021-09-25,4708
X,1,1,Bristol C,Fulham,BRISC,FUL,England,2021-09-25,4708
X,1,1,Nottingham,Millwall,NOTT,MILL,England,2021-09-25,4708
1,1,0,Sheffield U,Derby,SH.U,DER,England,2021-09-25,4708
1,2,0,Stoke,Hull,STO,HULL,England,2021-09-25,4708
1,1,0,Swansea,Huddersfield,SWAN,HUDD,England,2021-09-25,4708
1,3,1,Chelsea,Southampton,CHEL,SOUT,England,2021-10-02,4709
X,0,0,Brighton,Arsenal,BRIG,ARS,England,2021-10-02,4709
1,1,0,Leeds,Watford,LEE,WAT,England,2021-10-02,4709
X,0,0,Burnley,Norwich,BURN,NOR,England,2021-10-02,4709
1,2,1,Wolverhampton,Newcastle,WOL,NEW,England,2021-10-02,4709
2,0,1,Barnsley,Millwall,BARN,MILL,England,2021-10-02,4709
1,2,1,Blackpool,Blackburn,BPOOL,BBURN,England,2021-10-02,4709
1,2,1,Bournemouth,Sheffield U,BOUR,SH.U,England,2021-10-02,4709
2,0,1,Cardiff,Reading,CARD,REA,England,2021-10-02,4709
X,0,0,Derby,Swansea,DER,SWAN,England,2021-10-02,4709
X,0,0,Luton,Huddersfield,LUT,HUDD,England,2021-10-02,4709
2,2,3,Peterborough,Bristol C,PBORO,BRISC,England,2021-10-02,4709
1,3,2,Queens PR,Preston,QPR,PRES,England,2021-10-02,4709
1,3,0,Sverige,Kosovo,SVE,KOSOV,"Sverige, Internationell",2021-10-09,4710
2,0,2,Georgien,Grekland,GEO,GREK,"Georgien, Grekland",2021-10-09,4710
2,1,2,Finland,Ukraina,FIN,UKR,"Finland, Ukraina",2021-10-09,4710
1,3,2,Skottland,Israel,SKO,ISR,"Skottland, Israel",2021-10-09,4710
2,0,3,Azerbajdzjan,Irland,AZER,IRL,"Azerbajdzjan, Irland",2021-10-09,4710
2,0,1,Luxemburg,Serbien,LUX,SERBI,"Luxemburg, Serbien",2021-10-09,4710
1,2,0,Schweiz,Nordirland,SCHW,NIRL,"Schweiz, Nordirland",2021-10-09,4710
2,0,1,Ungern,Albanien,UNG,ALB,"Ungern, Albanien",2021-10-09,4710
1,1,0,KIF Örebro DFF,Djurgårdens IF FF,KIFÖR,DJUDA,Sverige,2021-10-09,4710
X,0,0,Hudiksvalls Förenade FF,IFK Haninge,HUDIK,HANIN,Sverige,2021-10-09,4710
2,0,1,IF Sylvia,IF Karlstad Fotboll,SYLVI,KARF,Sverige,2021-10-09,4710
X,1,1,Torns IF,Ljungskile SK,TORNS,LKILE,Sverige,2021-10-09,4710
1,1,0,Åtvidabergs FF,Utsiktens BK,ÅTVID,UTSIK,Sverige,2021-10-09,4710
1,4,2,Leicester,Manchester U,LEI,MANU,England,2021-10-16,4711
2,0,1,Brentford,Chelsea,BREN,CHEL,England,2021-10-16,4711
1,1,0,Southampton,Leeds,SOUT,LEE,England,2021-10-16,4711
2,2,3,Aston Villa,Wolverhampton,A.V,WOL,England,2021-10-16,4711
X,0,0,Norwich,Brighton,NOR,BRIG,England,2021-10-16,4711
X,2,2,Blackburn,Coventry,BBURN,COV,England,2021-10-16,4711
2,0,2,Bristol C,Bournemouth,BRISC,BOUR,England,2021-10-16,4711
1,2,0,Huddersfield,Hull,HUDD,HULL,England,2021-10-16,4711
1,2,0,Middlesbrough,Peterborough,MIDD,PBORO,England,2021-10-16,4711
2,0,2,Millwall,Luton,MILL,LUT,England,2021-10-16,4711
1,2,1,Nottingham,Blackpool,NOTT,BPOOL,England,2021-10-16,4711
1,1,0,Reading,Barnsley,REA,BARN,England,2021-10-16,4711
1,2,1,Sheffield U,Stoke,SH.U,STO,England,2021-10-16,4711
2,1,4,Brighton,Manchester C,BRIG,MANC,England,2021-10-23,4712
X,1,1,Leeds,Wolverhampton,LEE,WOL,England,2021-10-23,4712
2,2,5,Everton,Watford,EVE,WAT,England,2021-10-23,4712
X,2,2,Southampton,Burnley,SOUT,BURN,England,2021-10-23,4712
X,1,1,Crystal Palace,Newcastle,CRY,NEW,England,2021-10-23,4712
1,2,1,Birmingham,Swansea,BIRM,SWAN,England,2021-10-23,4712
1,2,0,Blackburn,Reading,BBURN,REA,England,2021-10-23,4712
1,2,0,Blackpool,Preston,BPOOL,PRES,England,2021-10-23,4712
1,3,0,Bournemouth,Huddersfield,BOUR,HUDD,England,2021-10-23,4712
1,1,0,Luton,Hull,LUT,HULL,England,2021-10-23,4712
1,2,1,Millwall,Stoke,MILL,STO,England,2021-10-23,4712
1,2,1,Peterborough,Queens PR,PBORO,QPR,England,2021-10-23,4712
1,3,0,West Bromwich,Bristol C,WBA,BRISC,England,2021-10-23,4712
X,2,2,Liverpool,Brighton,LIV,BRIG,England,2021-10-30,4713
2,0,3,Tottenham,Manchester U,TOTT,MANU,England,2021-10-30,4713
2,0,3,Newcastle,Chelsea,NEW,CHEL,England,2021-10-30,4713
2,0,1,Watford,Southampton,WAT,SOUT,England,2021-10-30,4713
1,3,1,Burnley,Brentford,BURN,BREN,England,2021-10-30,4713
1,2,1,Bristol C,Barnsley,BRISC,BARN,England,2021-10-30,4713
2,1,2,Derby,Blackburn,DER,BBURN,England,2021-10-30,4713
1,1,0,Huddersfield,Millwall,HUDD,MILL,England,2021-10-30,4713
2,0,1,Hull,Coventry,HULL,COV,England,2021-10-30,4713
2,0,2,Middlesbrough,Birmingham,MIDD,BIRM,England,2021-10-30,4713
1,2,0,Preston,Luton,PRES,LUT,England,2021-10-30,4713
2,0,1,Sheffield U,Blackpool,SH.U,BPOOL,England,2021-10-30,4713
1,3,0,Swansea,Peterborough,SWAN,PBORO,England,2021-10-30,4713
1,2,0,Crystal Palace,Wolverhampton,CRY,WOL,England,2021-11-06,4714
2,1,2,Brentford,Norwich,BREN,NOR,England,2021-11-06,4714
X,1,1,Brighton,Newcastle,BRIG,NEW,England,2021-11-06,4714
2,0,2,Barnsley,Hull,BARN,HULL,England,2021-11-06,4714
2,1,2,Birmingham,Reading,BIRM,REA,England,2021-11-06,4714
1,3,1,Blackburn,Sheffield U,BBURN,SH.U,England,2021-11-06,4714
1,2,1,Cardiff,Huddersfield,CARD,HUDD,England,2021-11-06,4714
1,3,0,Nottingham,Preston,NOTT,PRES,England,2021-11-06,4714
1,3,2,Coventry,Bristol C,COV,BRISC,England,2021-11-06,4714
2,0,1,Luton,Stoke,LUT,STO,England,2021-11-06,4714
X,1,1,Millwall,Derby,MILL,DER,England,2021-11-06,4714
2,0,1,Peterborough,Fulham,PBORO,FUL,England,2021-11-06,4714
X,1,1,West Bromwich,Middlesbrough,WBA,MIDD,England,2021-11-06,4714
X,2,2,Montenegro,Nederländerna,MNEGR,NED,"Montenegro, Nederländerna",2021-11-13,4715
X,0,0,Norge,Lettland,NORGE,LETT,"Norge, Lettland",2021-11-13,4715
1,5,1,Wales,Belarus,WALES,BRUFB,"Wales, Belarus",2021-11-13,4715
1,2,1,Sandvikens IF,IF Karlstad Fotboll,SANIF,KARF,Sverige,2021-11-13,4715
1,3,0,Valladolid,CF Fuenlabrada,VLID,,Spanien,2021-11-13,4715
1,2,1,Eibar,Alcorcon,EIBAR,ALCOR,Spanien,2021-11-13,4715
2,0,1,Mirandés,Huesca,MIRA,HUESC,Spanien,2021-11-13,4715
2,2,3,Las Palmas,Real Zaragoza,LAPAL,ZARAG,Spanien,2021-11-13,4715
1,1,0,Spanien,Sverige,SPA,SVE,"Spanien, Sverige",2021-11-13,4715
X,1,1,Grekland,Kosovo,GREK,KOSOV,"Grekland, Internationell",2021-11-13,4715
2,1,2,Portugal,Serbien,POR,SERBI,"Portugal, Serbien",2021-11-13,4715
1,1,0,Kroatien,Ryssland,KROA,RYSS,"Kroatien, Ryssland",2021-11-13,4715
1,3,1,Nordmakedonien,Island,MAK,ISL,"Nordmakedonien, Island",2021-11-13,4715
1,4,0,Liverpool,Arsenal,LIV,ARS,England,2021-11-20,4716
1,4,1,Watford,Manchester U,WAT,MANU,England,2021-11-20,4716
1,1,0,Wolverhampton,West Ham,WOL,WEST,England,2021-11-20,4716
1,2,1,Norwich,Southampton,NOR,SOUT,England,2021-11-20,4716
1,2,0,Aston Villa,Brighton,A.V,BRIG,England,2021-11-20,4716
X,3,3,Newcastle,Brentford,NEW,BREN,England,2021-11-20,4716
X,3,3,Burnley,Crystal Palace,BURN,CRY,England,2021-11-20,4716
X,1,1,Bristol C,Blackburn,BRISC,BBURN,England,2021-11-20,4716
1,1,0,Huddersfield,West Bromwich,HUDD,WBA,England,2021-11-20,4716
1,2,0,Hull,Birmingham,HULL,BIRM,England,2021-11-20,4716
X,1,1,Middlesbrough,Millwall,MIDD,MILL,England,2021-11-20,4716
2,1,2,Preston,Cardiff,PRES,CARD,England,2021-11-20,4716
X,1,1,Reading,Nottingham,REA,NOTT,England,2021-11-20,4716
1,4,0,Liverpool,Southampton,LIV,SOUT,England,2021-11-27,4717
X,0,0,Brighton,Leeds,BRIG,LEE,England,2021-11-27,4717
2,1,2,Crystal Palace,Aston Villa,CRY,A.V,England,2021-11-27,4717
X,0,0,Norwich,Wolverhampton,NOR,WOL,England,2021-11-27,4717
1,1,0,Birmingham,Blackpool,BIRM,BPOOL,England,2021-11-27,4717
X,2,2,Bournemouth,Coventry,BOUR,COV,England,2021-11-27,4717
1,2,1,Hull,Millwall,HULL,MILL,England,2021-11-27,4717
2,1,2,Huddersfield,Middlesbrough,HUDD,MIDD,England,2021-11-27,4717
2,1,2,Luton,Cardiff,LUT,CARD,England,2021-11-27,4717
X,0,0,Peterborough,Barnsley,PBORO,BARN,England,2021-11-27,4717
2,0,1,Stoke,Blackburn,STO,BBURN,England,2021-11-27,4717
2,2,3,Swansea,Reading,SWAN,REA,England,2021-11-27,4717
2,1,2,Plymouth,Wigan,PLYMO,WIGAN,England,2021-11-27,4717
2,0,1,Wolverhampton,Liverpool,WOL,LIV,England,2021-12-04,4718
2,1,3,Watford,Manchester C,WAT,MANC,England,2021-12-04,4718
1,1,0,Newcastle,Burnley,NEW,BURN,England,2021-12-04,4718
X,1,1,Southampton,Brighton,SOUT,BRIG,England,2021-12-04,4718
X,1,1,Barnsley,Huddersfield,BARN,HUDD,England,2021-12-04,4718
1,1,0,Blackburn,Preston,BBURN,PRES,England,2021-12-04,4718
2,0,3,Blackpool,Luton,BPOOL,LUT,England,2021-12-04,4718
1,1,0,Bristol C,Derby,BRISC,DER,England,2021-12-04,4718
2,2,3,Cardiff,Sheffield U,CARD,SH.U,England,2021-12-04,4718
1,1,0,Middlesbrough,Swansea,MIDD,SWAN,England,2021-12-04,4718
1,3,1,Millwall,Birmingham,MILL,BIRM,England,2021-12-04,4718
1,2,0,Nottingham,Peterborough,NOTT,PBORO,England,2021-12-04,4718
X,1,1,Reading,Hull,REA,HULL,England,2021-12-04,4718
1,3,2,Chelsea,Leeds,CHEL,LEE,England,2021-12-11,4719
1,1,0,Liverpool,Aston Villa,LIV,A.V,England,2021-12-11,4719
2,0,1,Norwich,Manchester U,NOR,MANU,England,2021-12-11,4719
1,3,0,Arsenal,Southampton,ARS,SOUT,England,2021-12-11,4719
X,2,2,Birmingham,Cardiff,BIRM,CARD,England,2021-12-11,4719
2,0,2,Bournemouth,Blackburn,BOUR,BBURN,England,2021-12-11,4719
1,1,0,Derby,Blackpool,DER,BPOOL,England,2021-12-11,4719
X,2,2,Hull,Bristol C,HULL,BRISC,England,2021-12-11,4719
X,1,1,Luton,Fulham,LUT,FUL,England,2021-12-11,4719
1,2,1,Peterborough,Millwall,PBORO,MILL,England,2021-12-11,4719
1,2,1,Preston,Barnsley,PRES,BARN,England,2021-12-11,4719
X,0,0,Stoke,Middlesbrough,STO,MIDD,England,2021-12-11,4719
2,1,4,Swansea,Nottingham,SWAN,NOTT,England,2021-12-11,4719
1,2,0,Brighton,Brentford,BRIG,BREN,England,2021-12-26,4721
2,1,3,Aston Villa,Chelsea,A.V,CHEL,England,2021-12-26,4721
1,6,3,Manchester C,Leicester,MANC,LEI,England,2021-12-26,4721
2,0,5,Norwich,Arsenal,NOR,ARS,England,2021-12-26,4721
1,3,0,Tottenham,Crystal Palace,TOTT,CRY,England,2021-12-26,4721
2,2,3,West Ham,Southampton,WEST,SOUT,England,2021-12-26,4721
X,0,0,Burnley,Everton,BURN,EVE,England,2021-12-26,4721
1,3,2,Huddersfield,Blackpool,HUDD,BPOOL,England,2021-12-26,4721
1,0,0,Hull,Blackburn,HULL,BBURN,England,2021-12-26,4721
2,0,0,Luton,Bristol C,LUT,BRISC,England,2021-12-26,4721
1,2,0,Middlesbrough,Nottingham,MIDD,NOTT,England,2021-12-26,4721
2,0,0,Millwall,Swansea,MILL,SWAN,England,2021-12-26,4721
1,0,0,Preston,Sheffield U,PRES,SH.U,England,2021-12-26,4721
2,2,3,Crystal Palace,West Ham,CRY,WEST,England,2022-01-01,4722
1,0,0,Leicester,Norwich,LEI,NOR,England,2022-01-01,4722
2,0,1,Watford,Tottenham,WAT,TOTT,England,2022-01-01,4722
1,1,0,Blackpool,Hull,BPOOL,HULL,England,2022-01-01,4722
X,2,2,Chelsea,Liverpool,CHEL,LIV,England,2022-01-01,4722
1,2,1,Brentford,Aston Villa,BREN,A.V,England,2022-01-01,4722
2,2,3,Everton,Brighton,EVE,BRIG,England,2022-01-01,4722
1,3,1,Leeds,Burnley,LEE,BURN,England,2022-01-01,4722
2,0,0,Southampton,Newcastle,SOUT,NEW,England,2022-01-01,4722
1,3,2,Bristol C,Millwall,BRISC,MILL,England,2022-01-01,4722
X,1,1,Alavés,Real Sociedad,ALAVE,SOC,Spanien,2022-01-01,4722
1,1,0,Getafe,Real Madrid,GETAF,R.M,Spanien,2022-01-01,4722
X,0,0,Elche,Granada CF,ELCHE,GRACF,Spanien,2022-01-01,4722
X,2,2,Hull,Everton,HULL,EVE,England,2022-01-08,4723
1,4,1,Leicester,Watford,LEI,WAT,England,2022-01-08,4723
1,3,2,Wigan,Blackburn,WIGAN,BBURN,England,2022-01-08,4723
X,1,1,West Bromwich,Brighton,WBA,BRIG,England,2022-01-08,4723
X,1,1,Swansea,Southampton,SWAN,SOUT,England,2022-01-08,4723
X,0,0,Birmingham,Plymouth,BIRM,PLYMO,England,2022-01-08,4723
X,0,0,Queens PR,Rotherham,QPR,ROTH,England,2022-01-08,4723
1,2,1,Kidderminster,Reading,KIDDE,REA,England,2022-01-08,4723
1,2,0,Boreham Wood FC,AFC Wimbledon,,AFCWI,England,2022-01-08,4723
X,4,4,Barnsley,Barrow,BARN,BARRO,England,2022-01-08,4723
2,0,1,Newcastle,Cambridge United,NEW,CAMBU,England,2022-01-08,4723
1,2,1,Peterborough,Bristol Rovers,PBORO,BRISR,England,2022-01-08,4723
2,1,4,Port Vale,Brentford,PORTV,BREN,England,2022-01-08,4723
X,2,2,Aston Villa,Manchester U,A.V,MANU,England,2022-01-15,4724
1,0,0,Burnley,Leicester,BURN,LEI,England,2022-01-15,4724
1,3,1,Wolverhampton,Southampton,WOL,SOUT,England,2022-01-15,4724
X,1,1,Newcastle,Watford,NEW,WAT,England,2022-01-15,4724
1,2,1,Norwich,Everton,NOR,EVE,England,2022-01-15,4724
X,1,1,Huddersfield,Swansea,HUDD,SWAN,England,2022-01-15,4724
1,2,0,Derby,Sheffield U,DER,SH.U,England,2022-01-15,4724
1,2,1,Middlesbrough,Reading,MIDD,REA,England,2022-01-15,4724
2,0,1,Millwall,Nottingham,MILL,NOTT,England,2022-01-15,4724
1,6,2,Fulham,Bristol C,FUL,BRISC,England,2022-01-15,4724
2,1,4,Peterborough,Coventry,PBORO,COV,England,2022-01-15,4724
X,1,1,Preston,Birmingham,PRES,BIRM,England,2022-01-15,4724
1,1,0,Queens PR,West Bromwich,QPR,WBA,England,2022-01-15,4724
X,1,1,Southampton,Manchester C,SOUT,MANC,England,2022-01-22,4725
1,1,0,Manchester U,West Ham,MANU,WEST,England,2022-01-22,4725
2,0,1,Leeds,Newcastle,LEE,NEW,England,2022-01-22,4725
2,1,2,Brentford,Wolverhampton,BREN,WOL,England,2022-01-22,4725
1,1,0,Blackpool,Millwall,BPOOL,MILL,England,2022-01-22,4725
2,0,1,Bournemouth,Hull,BOUR,HULL,England,2022-01-22,4725
1,2,1,Birmingham,Barnsley,BIRM,BARN,England,2022-01-22,4725
2,1,2,Coventry,Queens PR,COV,QPR,England,2022-01-22,4725
2,3,4,Reading,Huddersfield,REA,HUDD,England,2022-01-22,4725
1,2,0,Sheffield U,Luton,SH.U,LUT,England,2022-01-22,4725
2,2,3,Stoke,Fulham,STO,FUL,England,2022-01-22,4725
1,1,0,Swansea,Preston,SWAN,PRES,England,2022-01-22,4725
1,3,0,West Bromwich,Peterborough,WBA,PBORO,England,2022-01-22,4725
2,0,1,Barnsley,Bournemouth,BARN,BOUR,England,2022-01-29,4726
1,2,0,Hull,Swansea,HULL,SWAN,England,2022-01-29,4726
X,0,0,Luton,Blackburn,LUT,BBURN,England,2022-01-29,4726
1,2,0,Millwall,West Bromwich,MILL,WBA,England,2022-01-29,4726
1,1,0,Middlesbrough,Coventry,MIDD,COV,England,2022-01-29,4726
X,2,2,Preston,Bristol C,PRES,BRISC,England,2022-01-29,4726
2,0,2,Peterborough,Sheffield U,PBORO,SH.U,England,2022-01-29,4726
1,4,0,Queens PR,Reading,QPR,REA,England,2022-01-29,4726
X,1,1,Fulham,Blackpool,FUL,BPOOL,England,2022-01-29,4726
1,6,0,Bolton,Sunderland,BOLTO,SUND,England,2022-01-29,4726
2,1,2,Lincoln,Burton Albion,LINCO,BURTO,England,2022-01-29,4726
1,1,0,Sheffield W,Ipswich,SH.W,IPSWI,England,2022-01-29,4726
2,0,1,Wycombe,Milton Keynes Dons,WYC,MKDON,England,2022-01-29,4726
X,0,0,Burnley,Watford,BURN,WAT,England,2022-02-05,4727
1,4,1,Everton,Brentford,EVE,BREN,England,2022-02-05,4727
1,3,1,Tottenham,Brighton,TOTT,BRIG,England,2022-02-05,4727
X,1,1,Southampton,Coventry,SOUT,COV,England,2022-02-05,4727
1,2,0,Stoke,Wigan,STO,WIGAN,England,2022-02-05,4727
2,0,1,Wolverhampton,Norwich,WOL,NOR,England,2022-02-05,4727
1,1,0,Huddersfield,Barnsley,HUDD,BARN,England,2022-02-05,4727
1,2,0,Peterborough,Queens PR,PBORO,QPR,England,2022-02-05,4727
2,0,3,Cambridge United,Luton,CAMBU,LUT,England,2022-02-05,4727
1,3,1,Blackpool,Bristol C,BPOOL,BRISC,England,2022-02-05,4727
2,0,1,Hull,Preston,HULL,PRES,England,2022-02-05,4727
1,1,0,Swansea,Blackburn,SWAN,BBURN,England,2022-02-05,4727
2,0,2,Burton Albion,Sheffield W,BURTO,SH.W,England,2022-02-05,4727
2,0,4,Norwich,Manchester C,NOR,MANC,England,2022-02-12,4728
1,3,0,Everton,Leeds,EVE,LEE,England,2022-02-12,4728
X,0,0,Brentford,Crystal Palace,BREN,CRY,England,2022-02-12,4728
2,0,2,Watford,Brighton,WAT,BRIG,England,2022-02-12,4728
1,1,0,Barnsley,Queens PR,BARN,QPR,England,2022-02-12,4728
1,3,0,Birmingham,Luton,BIRM,LUT,England,2022-02-12,4728
2,1,2,Blackpool,Bournemouth,BPOOL,BOUR,England,2022-02-12,4728
X,2,2,Nottingham,Stoke,NOTT,STO,England,2022-02-12,4728
2,0,1,Hull,Fulham,HULL,FUL,England,2022-02-12,4728
1,4,1,Middlesbrough,Derby,MIDD,DER,England,2022-02-12,4728
1,2,1,Millwall,Cardiff,MILL,CARD,England,2022-02-12,4728
2,0,1,Peterborough,Preston,PBORO,PRES,England,2022-02-12,4728
2,2,3,Reading,Coventry,REA,COV,England,2022-02-12,4728
2,2,3,Manchester C,Tottenham,MANC,TOTT,England,2022-02-19,4729
1,2,1,Arsenal,Brentford,ARS,BREN,England,2022-02-19,4729
2,0,1,Crystal Palace,Chelsea,CRY,CHEL,England,2022-02-19,4729
2,0,1,Aston Villa,Watford,A.V,WAT,England,2022-02-19,4729
1,2,0,Southampton,Everton,SOUT,EVE,England,2022-02-19,4729
2,0,3,Brighton,Burnley,BRIG,BURN,England,2022-02-19,4729
1,2,1,Bristol C,Middlesbrough,BRISC,MIDD,England,2022-02-19,4729
1,2,0,Luton,West Bromwich,LUT,WBA,England,2022-02-19,4729
X,1,1,Cardiff,Blackpool,CARD,BPOOL,England,2022-02-19,4729
1,1,0,Derby,Peterborough,DER,PBORO,England,2022-02-19,4729
X,1,1,Queens PR,Hull,QPR,HULL,England,2022-02-19,4729
1,4,0,Sheffield U,Swansea,SH.U,SWAN,England,2022-02-19,4729
X,2,2,Stoke,Birmingham,STO,BIRM,England,2022-02-19,4729
2,0,1,Everton,Manchester C,EVE,MANC,England,2022-02-26,4730
X,0,0,Manchester U,Watford,MANU,WAT,England,2022-02-26,4730
2,0,2,Brentford,Newcastle,BREN,NEW,England,2022-02-26,4730
2,0,2,Brighton,Aston Villa,BRIG,A.V,England,2022-02-26,4730
X,1,1,Crystal Palace,Burnley,CRY,BURN,England,2022-02-26,4730
2,0,2,Birmingham,Huddersfield,BIRM,HUDD,England,2022-02-26,4730
X,1,1,Coventry,Preston,COV,PRES,England,2022-02-26,4730
1,1,0,Millwall,Sheffield U,MILL,SH.U,England,2022-02-26,4730
1,4,1,Blackpool,Reading,BPOOL,REA,England,2022-02-26,4730
1,2,1,Bournemouth,Stoke,BOUR,STO,England,2022-02-26,4730
1,1,0,Luton,Derby,LUT,DER,England,2022-02-26,4730
1,2,0,Nottingham,Bristol C,NOTT,BRISC,England,2022-02-26,4730
2,0,3,Peterborough,Hull,PBORO,HULL,England,2022-02-26,4730
1,1,0,Liverpool,West Ham,LIV,WEST,England,2022-03-05,4731
1,4,0,Aston Villa,Southampton,A.V,SOUT,England,2022-03-05,4731
2,0,4,Burnley,Chelsea,BURN,CHEL,England,2022-03-05,4731
1,2,1,Newcastle,Brighton,NEW,BRIG,England,2022-03-05,4731
2,1,3,Norwich,Brentford,NOR,BREN,England,2022-03-05,4731
2,0,2,Wolverhampton,Crystal Palace,WOL,CRY,England,2022-03-05,4731
1,2,1,Middlesbrough,Luton,MIDD,LUT,England,2022-03-05,4731
1,2,1,Preston,Bournemouth,PRES,BOUR,England,2022-03-05,4731
1,3,1,Swansea,Coventry,SWAN,COV,England,2022-03-05,4731
2,1,2,Bristol C,Birmingham,BRISC,BIRM,England,2022-03-05,4731
2,0,2,Hull,West Bromwich,HULL,WBA,England,2022-03-05,4731
2,0,1,Reading,Millwall,REA,MILL,England,2022-03-05,4731
2,0,1,Stoke,Blackpool,STO,BPOOL,England,2022-03-05,4731
1,3,2,Manchester U,Tottenham,MANU,TOTT,England,2022-03-12,4732
1,2,0,Brentford,Burnley,BREN,BURN,England,2022-03-12,4732
X,0,0,Birmingham,Hull,BIRM,HULL,England,2022-03-12,4732
1,1,0,Blackpool,Swansea,BPOOL,SWAN,England,2022-03-12,4732
X,0,0,Cardiff,Preston,CARD,PRES,England,2022-03-12,4732
1,4,1,Coventry,Sheffield U,COV,SH.U,England,2022-03-12,4732
X,0,0,Millwall,Middlesbrough,MILL,MIDD,England,2022-03-12,4732
2,0,1,Blackburn,Bristol C,BBURN,BRISC,England,2022-03-12,4732
1,2,0,Bournemouth,Derby,BOUR,DER,England,2022-03-12,4732
1,4,0,Nottingham,Reading,NOTT,REA,England,2022-03-12,4732
X,2,2,Peterborough,Stoke,PBORO,STO,England,2022-03-12,4732
X,1,1,Milton Keynes Dons,Wigan,MKDON,WIGAN,England,2022-03-12,4732
X,0,0,Ipswich,Portsmouth,IPSWI,PORTS,England,2022-03-12,4732
2,0,2,Middlesbrough,Chelsea,MIDD,CHEL,England,2022-03-19,4733
X,2,2,Bristol C,West Bromwich,BRISC,WBA,England,2022-03-19,4733
2,0,3,Huddersfield,Bournemouth,HUDD,BOUR,England,2022-03-19,4733
2,1,3,Hull,Luton,HULL,LUT,England,2022-03-19,4733
1,1,0,Reading,Blackburn,REA,BBURN,England,2022-03-19,4733
1,2,0,Stoke,Millwall,STO,MILL,England,2022-03-19,4733
X,0,0,Swansea,Birmingham,SWAN,BIRM,England,2022-03-19,4733
X,1,1,Oxford United,Ipswich,OXFUT,IPSWI,England,2022-03-19,4733
X,0,0,Lincoln,Sunderland,LINCO,SUND,England,2022-03-19,4733
2,0,1,Cambridge United,Milton Keynes Dons,CAMBU,MKDON,England,2022-03-19,4733
X,0,0,Portsmouth,Wycombe,PORTS,WYC,England,2022-03-19,4733
1,2,0,Charlton,Burton Albion,CHARL,BURTO,England,2022-03-19,4733
1,1,0,Hammarby,Elfsborg,HAMFO,ELFSB,Sverige,2022-03-19,4733
1,2,1,England,Schweiz,ENG,SCHW,"England, Schweiz",2022-03-26,4734
1,4,2,Nederländerna,Danmark,NED,DAN,"Nederländerna, Danmark",2022-03-26,4734
X,1,1,Finland,Island,FIN,ISL,"Finland, Island",2022-03-26,4734
X,2,2,Irland,Belgien,IRL,BEL,"Irland, Belgien",2022-03-26,4734
1,2,1,Spanien,Albanien,SPA,ALB,"Spanien, Albanien",2022-03-26,4734
1,2,0,Tyskland,Israel,TYS,ISR,"Tyskland, Israel",2022-03-26,4734
1,1,0,Ipswich,Plymouth,IPSWI,PLYMO,England,2022-03-26,4734
2,1,2,Accrington Stanley,Gillingham,ACCRI,GILLI,England,2022-03-26,4734
2,0,1,AFC Wimbledon,Cambridge United,AFCWI,CAMBU,England,2022-03-26,4734
2,0,1,Doncaster,Charlton,DONCA,CHARL,England,2022-03-26,4734
1,4,1,Sheffield W,Cheltenham,SH.W,CHELT,England,2022-03-26,4734
1,1,0,Shrewsbury,Lincoln,SHREW,LINCO,England,2022-03-26,4734
1,2,0,Port Vale,Sutton Utd,PORTV,Sutto,England,2022-03-26,4734
X,1,1,Manchester U,Leicester,MANU,LEI,England,2022-04-02,4735
2,1,4,Chelsea,Brentford,CHEL,BREN,England,2022-04-02,4735
2,0,2,Burnley,Manchester C,BURN,MANC,England,2022-04-02,4735
X,1,1,Leeds,Southampton,LEE,SOUT,England,2022-04-02,4735
1,2,1,Wolverhampton,Aston Villa,WOL,A.V,England,2022-04-02,4735
X,0,0,Brighton,Norwich,BRIG,NOR,England,2022-04-02,4735
1,1,0,Stoke,Sheffield U,STO,SH.U,England,2022-04-02,4735
X,2,2,Coventry,Blackburn,COV,BBURN,England,2022-04-02,4735
2,0,2,Queens PR,Fulham,QPR,FUL,England,2022-04-02,4735
X,1,1,Barnsley,Reading,BARN,REA,England,2022-04-02,4735
2,0,4,Cardiff,Swansea,CARD,SWAN,England,2022-04-02,4735
X,2,2,Luton,Millwall,LUT,MILL,England,2022-04-02,4735
1,4,2,BK Häcken,AIK,BKHÄC,AIK,Sverige,2022-04-02,4735
2,0,4,Aston Villa,Tottenham,A.V,TOTT,England,2022-04-09,4736
2,1,2,Arsenal,Brighton,ARS,BRIG,England,2022-04-09,4736
2,0,6,Southampton,Chelsea,SOUT,CHEL,England,2022-04-09,4736
2,0,3,Watford,Leeds,WAT,LEE,England,2022-04-09,4736
X,1,1,Blackburn,Blackpool,BBURN,BPOOL,England,2022-04-09,4736
2,1,2,Reading,Cardiff,REA,CARD,England,2022-04-09,4736
2,1,3,West Bromwich,Stoke,WBA,STO,England,2022-04-09,4736
1,2,1,Preston,Queens PR,PRES,QPR,England,2022-04-09,4736
X,1,1,Bristol C,Peterborough,BRISC,PBORO,England,2022-04-09,4736
1,4,1,Millwall,Barnsley,MILL,BARN,England,2022-04-09,4736
1,2,0,Nottingham,Birmingham,NOTT,BIRM,England,2022-04-09,4736
1,2,1,Swansea,Derby,SWAN,DER,England,2022-04-09,4736
2,1,2,Degerfors IF,BK Häcken,DEGER,BKHÄC,Sverige,2022-04-09,4736
2,2,3,Manchester C,Liverpool,MANC,LIV,England,2022-04-16,4737
1,3,2,Manchester U,Norwich,MANU,NOR,England,2022-04-16,4737
1,1,0,Southampton,Arsenal,SOUT,ARS,England,2022-04-16,4737
2,1,2,Watford,Brentford,WAT,BREN,England,2022-04-16,4737
2,1,2,Getafe,Villarreal,GETAF,VREAL,Spanien,2022-04-16,4737
1,1,0,Alavés,Rayo Vallecano,ALAVE,RAYO,Spanien,2022-04-16,4737
2,1,2,Valencia,Osasuna,VAL,OSA,Spanien,2022-04-16,4737
X,1,1,Lazio,Torino,LAZ,TOR,Italien,2022-04-16,4737
X,1,1,Juventus,Bologna,JUV,BOLO,Italien,2022-04-16,4737
1,1,0,Fiorentina,Venezia FC,FIO,,Italien,2022-04-16,4737
1,2,1,St.Etienne,Brest,ST.E,BREST,Frankrike,2022-04-16,4737
2,1,2,Lille,Lens,LIL,LENS,Frankrike,2022-04-16,4737
2,1,3,Mönchengladbach,Köln,GLAD,KÖLN,Tyskland,2022-04-16,4737
X,0,0,Brentford,Tottenham,BREN,TOTT,England,2022-04-23,4738
1,5,1,Manchester C,Watford,MANC,WAT,England,2022-04-23,4738
X,0,0,Leicester,Aston Villa,LEI,A.V,England,2022-04-23,4738
2,0,3,Norwich,Newcastle,NOR,NEW,England,2022-04-23,4738
X,1,1,Bournemouth,Fulham,BOUR,FUL,England,2022-04-23,4738
X,0,0,West Bromwich,Coventry,WBA,COV,England,2022-04-23,4738
X,1,1,Swansea,Middlesbrough,SWAN,MIDD,England,2022-04-23,4738
X,2,2,Birmingham,Millwall,BIRM,MILL,England,2022-04-23,4738
1,3,0,Hull,Reading,HULL,REA,England,2022-04-23,4738
2,0,1,Peterborough,Nottingham,PBORO,NOTT,England,2022-04-23,4738
1,1,0,Stoke,Queens PR,STO,QPR,England,2022-04-23,4738
1,1,0,Sheffield U,Cardiff,SH.U,CARD,England,2022-04-23,4738
2,1,3,Derby,Bristol C,DER,BRISC,England,2022-04-23,4738
2,0,4,Leeds,Manchester City,LU,MNC,England,2022-04-30,4739
1,2,0,Aston Villa,Norwich,AST,NOR,England,2022-04-30,4739
2,1,2,Southampton,Crystal Palace,SOU,PAL,England,2022-04-30,4739
2,1,2,Watford,Burnley,WAT,BUR,England,2022-04-30,4739
2,0,3,Wolverhampton,Brighton,WOL,BHA,England,2022-04-30,4739
2,0,3,Blackburn,Bournemouth,BLA,BRN,England,2022-04-30,4739
1,5,1,Nottingham,Swansea,NOF,SWA,England,2022-04-30,4739
1,3,1,Middlesbrough,Stoke,MID,STO,England,2022-04-30,4739
1,5,0,Bristol City,Hull,BRC,HUL,England,2022-04-30,4739
X,1,1,Cardiff,Birmingham,CAR,BIR,England,2022-04-30,4739
2,1,2,Coventry,Huddersfield,COC,HUD,England,2022-04-30,4739
1,3,0,Millwall,Peterborough ,MIL,PET,England,2022-04-30,4739
2,0,1,Reading,West Bromwich,REA,WBA,England,2022-04-30,4739
X,1,1,Liverpool,Tottenham,LFC,TOT,England,2022-05-07,4740
X,2,2,Chelsea,Wolverhampton,CHE,WOL,England,2022-05-07,4740
1,4,0,Brighton,Manchester United,BHA,MNU,England,2022-05-07,4740
2,1,3,Burnley,Aston Villa,BUR,AST,England,2022-05-07,4740
1,3,0,Brentford,Southampton,BRE,SOU,England,2022-05-07,4740
1,1,0,Crystal Palace,Watford,PAL,WAT,England,2022-05-07,4740
2,0,1,Exeter,Port Vale,EXE,PVA,England,2022-05-07,4740
X,2,2,Mansfield,Forest Green,MAT,FGR,England,2022-05-07,4740
1,2,0,Malmö,Mjällby,MAL,MJÄ,Sverige,2022-05-07,4740
1,2,0,Lazio,Sampdoria,LAZ,SAM,Italien,2022-05-07,4740
2,1,2,Real Betis,Barcelona,RBB,BAR,Spanien,2022-05-07,4740
1,3,0,Cadiz,Elche,CAD,ELC,Spanien,2022-05-07,4740
2,0,1,Nice,Nantes,NIC,NAN,Frankrike,2022-05-07,4740
X,0,0,Chelsea,Liverpool,CHE,LFC,England,2022-05-14,4741
2,1,2,Sheffield U,Nottingham,SHU,NOF,England,2022-05-14,4741
1,2,1,Mansfield,Northampton,MAT,NOR,England,2022-05-14,4741
1,2,0,Sirius,Elfsborg,SIR,IFE,Sverige,2022-05-14,4741
1,4,1,Hammarby TFF,Motala AIF,HAM,MOT,Sverige,2022-05-14,4741
1,1,0,Sylvia,IF Karlstad,SYL,KAR,Sverige,2022-05-14,4741
X,1,1,GAIS,Lund,GAIS,LBK,Sverige,2022-05-14,4741
1,1,0,Falkenberg,Oskarshamn,FFF,OSK,Sverige,2022-05-14,4741
2,0,1,Qviding,Åtvidaberg,QVI,ÅFF,Sverige,2022-05-14,4741
X,0,0,Ängelholms FF,Vänersborgs FK,ÄNG,VIF,Sverige,2022-05-14,4741
2,2,3,Udinese,Spezia,UDI,SPE,Italien,2022-05-14,4741
1,2,0,Rennes,Marseille,REN,OM,Frankrike,2022-05-14,4741
1,1,0,Strasbourg,Clermont,RCS,CLE,Frankrike,2022-05-14,4741
1,3,1,Liverpool,Wolverhampton,LFC,WOL,England,2022-05-22,4742
1,3,2,Manchester City,Aston Villa,MNC,AST,England,2022-05-22,4742
1,5,1,Arsenal,Everton,ARS,EVE,England,2022-05-22,4742
2,1,2,Brentford,Leeds,BRE,LU,England,2022-05-22,4742
1,2,1,Chelsea,Watford,CHE,WAT,England,2022-05-22,4742
2,0,5,Norwich,Tottenham,NOR,TOT,England,2022-05-22,4742
1,3,1,Brighton,West Ham,BHA,WHU,England,2022-05-22,4742
2,1,2,Burnley,Newcastle,BUR,NEW,England,2022-05-22,4742
1,1,0,Crystal Palace,Manchester United,PAL,MNU,England,2022-05-22,4742
1,4,1,Leicester,Southampton,LEI,SOU,England,2022-05-22,4742
1,1,0,Kalmar,Djurgården,KAL,DIF,Sverige,2022-05-22,4742
2,1,2,Malmö,Häcken,MAL,HAC,Sverige,2022-05-22,4742
2,0,3,Sassuolo,Milan,SAS,MIL,Italien,2022-05-22,4742
2,0,1,Liverpool,Real Madrid,LFC,RMA,"England, Spanien",2022-05-28,4743
1,4,3,Häcken,Sirius,HAC,SIR,Sverige,2022-05-28,4743
1,4,1,AFC Eskilstuna,Östersund,ESK,ÖST,Sverige,2022-05-28,4743
2,0,3,Mansfield,Port Vale,MAT,PVA,England,2022-05-28,4743
2,1,2,Ham-Kam,Odds,HAM,ODD,Norge,2022-05-28,4743
1,3,2,Strömsgodset,Viking,STG,VIK,Norge,2022-05-28,4743
X,1,1,Haka,Lahti,HAK,LAH,Finland,2022-05-28,4743
X,2,2,Inter Åbo,Ilves,INT,ILV,Finland,2022-05-28,4743
2,0,1,Huddersfield,Nottingham,HUD,NOF,England,2022-05-28,4743
2,0,2,Degerfors,Malmö,DEG,MAL,Sverige,2022-05-28,4743
2,1,2,Helsingborg,AIK,HEL,AIK,Sverige,2022-05-28,4743
X,2,2,IFK Norrköping,Elfsborg,NKP,IFE,Sverige,2022-05-28,4743
1,1,0,Värnamo,Hammarby,VÄR,HAM,Sverige,2022-05-28,4743
X,1,1,Italien,Tyskland,ITA,GER,"Italien, Tyskland",2022-06-04,4744
1,1,0,Ungern,England,HUN,ENG,"Ungern, England",2022-06-04,4744
X,1,1,Finland,Bosnien & Hercegovina,FIN,BIH,"Finland, Bosnien och Hercegovina",2022-06-04,4744
2,0,2,Litauen,Luxemburg,LTU,LUX,"Litauen, Luxemburg",2022-06-04,4744
1,2,0,Montenegro,Rumänien,MNE,ROU,"Montenegro, Rumänien",2022-06-04,4744
2,0,2,Oskarshamn,Ljungskile,OSK,LSK,Sverige,2022-06-04,4744
2,1,6,Qviding,Vänersborgs FK,QVI,VIF,Sverige,2022-06-04,4744
2,0,4,Åtvidaberg,Falkenberg,ÅFF,FFF,Sverige,2022-06-04,4744
1,1,0,Hammarby TFF,IF Karlstad,HAM,KAR,Sverige,2022-06-04,4744
X,0,0,Motala AIF,Täby,MOT,TÄB,Sverige,2022-06-04,4744
X,2,2,Sandviken,Gefle,SAN,GEF,Sverige,2022-06-04,4744
X,2,2,Vasalund,Stockholm Internazionale,VAS,STO,Sverige,2022-06-04,4744
2,1,2,Las Palmas,Tenerife,LPA,TEN,Spanien,2022-06-04,4744
X,0,0,England,Italien,ENG,ITA,"England, Italien",2022-06-11,4745
X,1,1,Ungern,Tyskland,HUN,GER,"Ungern, Tyskland",2022-06-11,4745
X,2,2,Nederländerna,Polen,NED,POL,"Nederländerna, Polen",2022-06-11,4745
X,1,1,Wales,Belgien,WAL,BEL,"Wales, Belgien",2022-06-11,4745
1,3,0,Irland,Skottland,IRL,SCO,"Irland, Skottland",2022-06-11,4745
1,1,0,Rumänien,Finland,ROU,FIN,"Rumänien, Finland",2022-06-11,4745
X,1,1,Montenegro,Bosnien & Hercegovina,MNE,BIH,"Montenegro, Bosnien och Hercegovina",2022-06-11,4745
1,2,1,Färöarna,Litauen,FRO,LTU,"Färöarna, Litauen",2022-06-11,4745
2,0,2,Luxemburg,Turkiet,LUX,TUR,"Luxemburg, Turkiet",2022-06-11,4745
X,0,0,Girona,Tenerife,GIR,TEN,Spanien,2022-06-11,4745
2,0,3,IF Karlstad,Sandviken,KAR,SAN,Sverige,2022-06-11,4745
X,1,1,Falkenberg,Tvååker,FFF,TVÅ,Sverige,2022-06-11,4745
1,4,0,Ljungskile,Ängelholms FF,LSK,ÄNG,Sverige,2022-06-11,4745
1,2,0,GAIS,Vänersborgs FK,GAIS,VIF,Sverige,2022-06-18,4746
1,2,0,Oddevold,Torn,ODD,TOR,Sverige,2022-06-18,4746
2,1,3,Trollhättan,Olympic,FCT,OLY,Sverige,2022-06-18,4746
X,1,1,Åtvidaberg,Lindome,ÅFF,LIN,Sverige,2022-06-18,4746
1,1,0,Ängelholms FF,Oskarshamn,ÄNG,OSK,Sverige,2022-06-18,4746
2,0,5,BK Forward,Sandviken,FOR,SAN,Sverige,2022-06-18,4746
X,1,1,Stockholm Internazionale,IF Karlstad,STO,KAR,Sverige,2022-06-18,4746
2,0,1,Vasalund,Gefle,VAS,GEF,Sverige,2022-06-18,4746
1,5,1,Sarpsborg,Strömsgodset,SAR,STG,Norge,2022-06-18,4746
2,0,2,Kristiansund,Bodö/Glimt,KRI,B/G,Norge,2022-06-18,4746
2,0,1,HJK Helsingfors,Oulu,HJK,ACO,Finland,2022-06-18,4746
1,3,2,Ilves,Lahti,ILV,LAH,Finland,2022-06-18,4746
X,1,1,SJK,Inter Åbo,SEI,INT,Finland,2022-06-18,4746
X,2,2,Hammarby,Häcken,HAM,HAC,Sverige,2022-06-26,4747
X,1,1,Degerfors,AIK,DEG,AIK,Sverige,2022-06-26,4747
X,1,1,Mjällby,IFK Norrköping,MJÄ,NKP,Sverige,2022-06-26,4747
2,2,5,GIF Sundsvall,Djurgården,SUN,DIF,Sverige,2022-06-26,4747
1,3,2,Dalkurd,AFC Eskilstuna,DAL,ESK,Sverige,2022-06-26,4747
2,1,6,Team TG,Sollentuna,TTG,SOL,Sverige,2022-06-26,4747
X,1,1,Täby,IF Karlstad,TÄB,KAR,Sverige,2022-06-26,4747
1,3,2,Ham-Kam,Sarpsborg,HAM,SAR,Norge,2022-06-26,4747
1,2,0,Bodö/Glimt,Ålesund,B/G,ÅFK,Norge,2022-06-26,4747
1,0,0,Molde,Jerv,MFK,JER,Norge,2022-06-26,4747
X,2,2,Sandefjord,Tromsö,SAN,TIL,Norge,2022-06-26,4747
1,3,0,Strömsgodset,Lilleström,STG,LSK,Norge,2022-06-26,4747
2,0,1,Vålerenga,Odds,VIF,ODD,Norge,2022-06-26,4747
X,1,1,Helsingborg,Kalmar,HEL,KAL,Sverige,2022-07-02,4748
2,2,3,Öster,Skövde AIK,ÖST,SKÖ,Sverige,2022-07-02,4748
2,1,2,Friska Viljor,Hudiksvall,FVI,HUD,Sverige,2022-07-02,4748
X,0,0,Huddinge,Hammarby TFF,HUD,HAM,Sverige,2022-07-02,4748
1,1,0,Hässleholms IF,Eskilsminne,HÄS,ESK,Sverige,2022-07-02,4748
X,2,2,Karlberg,Vasalund,KAR,VAS,Sverige,2022-07-02,4748
2,0,5,Trosa-Vagnhärad,Nyköping,TVA,NYK,Sverige,2022-07-02,4748
1,2,1,Österåker,Sollentuna,ÖST,SOL,Sverige,2022-07-02,4748
1,3,2,Odds,Bodö/Glimt,ODD,B/G,Norge,2022-07-02,4748
1,1,0,Djurgården,Hammarby,DIF,HAM,Sverige,2022-07-02,4748
X,1,1,Häcken,Elfsborg,HAC,IFE,Sverige,2022-07-02,4748
2,0,1,IFK Norrköping,Sirius,NKP,SIR,Sverige,2022-07-02,4748
1,3,0,Varberg,Värnamo,VBG,VÄR,Sverige,2022-07-02,4748
X,1,1,Nederländerna,Sverige,NED,SVE,"Nederländerna, Sverige",2022-07-09,4749
X,2,2,Portugal,Schweiz,POR,SUI,"Portugal, Schweiz",2022-07-09,4749
X,1,1,Degerfors,IFK Norrköping,DEG,NKP,Sverige,2022-07-09,4749
1,4,1,Bodö/Glimt,Sarpsborg,B/G,SAR,Norge,2022-07-09,4749
X,0,0,Strömsgodset,Odds,STG,ODD,Norge,2022-07-09,4749
2,0,2,HIFK,Haka,HIFK,HAK,Finland,2022-07-09,4749
2,1,3,VPS,Mariehamn,VPS,MAR,Finland,2022-07-09,4749
1,4,2,New York City FC,New England Revolution,NYC,NEE,USA,2022-07-09,4749
X,2,2,Elfsborg,AIK,IFE,AIK,Sverige,2022-07-09,4749
2,1,2,Mjällby,Häcken,MJÄ,HAC,Sverige,2022-07-09,4749
X,1,1,Kalmar,Sirius,KAL,SIR,Sverige,2022-07-09,4749
1,1,0,Jönköpings Södra,Östersund,JÖN,ÖST,Sverige,2022-07-09,4749
X,1,1,Utsikten,Öster,UTS,ÖST,Sverige,2022-07-09,4749
1,5,0,Djurgården,Värnamo,DIF,VÄR,Sverige,2022-07-16,4750
X,1,1,Östersund,Öster,ÖST,ÖST,Sverige,2022-07-16,4750
2,0,1,Danmark,Spanien,DEN,ESP,"Danmark, Spanien",2022-07-16,4750
2,0,3,Finland,Tyskland,FIN,GER,"Finland, Tyskland",2022-07-16,4750
2,1,2,Jerv,Sandefjord,JER,SAN,Norge,2022-07-16,4750
2,0,2,Ham-Kam,Bodö/Glimt,HAM,B/G,Norge,2022-07-16,4750
1,3,1,HJK Helsingfors,VPS,HJK,VPS,Finland,2022-07-16,4750
X,1,1,Mariehamn,HIFK,MAR,HIFK,Finland,2022-07-16,4750
1,1,0,AIK,Kalmar,AIK,KAL,Sverige,2022-07-16,4750
1,3,0,Hammarby,Elfsborg,HAM,IFE,Sverige,2022-07-16,4750
X,1,1,IFK Göteborg,Mjällby,IFK,MJÄ,Sverige,2022-07-16,4750
1,2,0,Sirius,Degerfors,SIR,DEG,Sverige,2022-07-16,4750
1,3,0,Västerås,Landskrona,VSK,LKB,Sverige,2022-07-16,4750
X,0,0,Frankrike,Nederländerna,FRA,NED,"Frankrike, Nederländerna",2022-07-23,4751
1,2,1,Mjällby,Degerfors,MJÄ,DEG,Sverige,2022-07-23,4751
2,0,1,Jönköpings Södra,Dalkurd,JÖN,DAL,Sverige,2022-07-23,4751
1,3,0,Rosenborg,Tromsö,RBK,TIL,Norge,2022-07-23,4751
1,5,0,Bodö/Glimt,Jerv,B/G,JER,Norge,2022-07-23,4751
1,3,1,Oulu,Mariehamn,ACO,MAR,Finland,2022-07-23,4751
X,3,3,VPS,Haka,VPS,HAK,Finland,2022-07-23,4751
X,0,0,Zürich,Luzern,FCZ,FCL,Schweiz,2022-07-23,4751
1,1,0,Helsingborg,GIF Sundsvall,HEL,SUN,Sverige,2022-07-23,4751
2,1,2,Häcken,Djurgården,HAC,DIF,Sverige,2022-07-23,4751
1,1,0,Kalmar,Elfsborg,KAL,IFE,Sverige,2022-07-23,4751
2,2,3,Värnamo,AIK,VÄR,AIK,Sverige,2022-07-23,4751
1,5,2,Brommapojkarna,Norrby,BRO,NOR,Sverige,2022-07-23,4751
1,3,1,Liverpool,Manchester City,LFC,MNC,England,2022-07-30,4752
1,1,0,Blackburn,Queens Park Rangers,BLA,QPR,England,2022-07-30,4752
1,1,0,Cardiff,Norwich,CAR,NOR,England,2022-07-30,4752
1,1,0,Blackpool,Reading,BLP,REA,England,2022-07-30,4752
X,0,0,Luton,Birmingham,LUT,BIR,England,2022-07-30,4752
1,2,0,Millwall,Stoke,MIL,STO,England,2022-07-30,4752
X,1,1,Rotherham,Swansea,ROT,SWA,England,2022-07-30,4752
X,0,0,Wigan,Preston,WIG,PRE,England,2022-07-30,4752
X,1,1,Middlesbrough,West Bromwich,MID,WBA,England,2022-07-30,4752
1,2,1,Hull,Bristol City,HUL,BRC,England,2022-07-30,4752
2,1,3,GIF Sundsvall,Varberg,SUN,VBG,Sverige,2022-07-30,4752
X,0,0,AFC Eskilstuna,Dalkurd,ESK,DAL,Sverige,2022-07-30,4752
1,2,1,Halmstad,Landskrona,HBK,LKB,Sverige,2022-07-30,4752
2,0,1,Everton,Chelsea,EVE,CHE,England,2022-08-06,4753
1,4,1,Tottenham,Southampton,TOT,SOU,England,2022-08-06,4753
1,2,0,Newcastle,Nottingham,NEW,NOF,England,2022-08-06,4753
1,2,1,Leeds,Wolverhampton,LU,WOL,England,2022-08-06,4753
1,2,0,Bournemouth,Aston Villa,BRN,AST,England,2022-08-06,4753
2,2,3,Bristol City,Sunderland,BRC,SUN,England,2022-08-06,4753
X,1,1,Burnley,Luton,BUR,LUT,England,2022-08-06,4753
X,0,0,Preston,Hull,PRE,HUL,England,2022-08-06,4753
1,3,2,Queens Park Rangers,Middlesbrough,QPR,MID,England,2022-08-06,4753
1,2,1,Reading,Cardiff,REA,CAR,England,2022-08-06,4753
2,0,3,Swansea,Blackburn,SWA,BLA,England,2022-08-06,4753
1,2,0,Sheffield U,Millwall,SHU,MIL,England,2022-08-06,4753
1,2,0,Stoke,Blackpool,STO,BLP,England,2022-08-06,4753
1,4,0,Brentford,Manchester United,BRE,MNU,England,2022-08-13,4754
1,4,2,Arsenal,Leicester,ARS,LEI,England,2022-08-13,4754
1,4,0,Manchester City,Bournemouth,MNC,BRN,England,2022-08-13,4754
X,0,0,Brighton,Newcastle,BHA,NEW,England,2022-08-13,4754
X,2,2,Southampton,Leeds,SOU,LU,England,2022-08-13,4754
X,0,0,Wolverhampton,Fulham,WOL,FUL,England,2022-08-13,4754
X,2,2,Sunderland,Queens Park Rangers,SUN,QPR,England,2022-08-13,4754
2,0,1,Blackpool,Swansea,BLP,SWA,England,2022-08-13,4754
1,3,1,Huddersfield,Stoke,HUD,STO,England,2022-08-13,4754
1,2,1,Hull,Norwich,HUL,NOR,England,2022-08-13,4754
1,3,2,Millwall,Coventry,MIL,COC,England,2022-08-13,4754
2,0,1,Luton,Preston,LUT,PRE,England,2022-08-13,4754
1,4,0,Rotherham,Reading,ROT,REA,England,2022-08-13,4754
2,0,3,Bournemouth,Arsenal,BRN,ARS,England,2022-08-20,4755
1,3,1,Crystal Palace,Aston Villa,PAL,AST,England,2022-08-20,4755
X,1,1,Everton,Nottingham,EVE,NOF,England,2022-08-20,4755
1,3,2,Fulham,Brentford,FUL,BRE,England,2022-08-20,4755
2,1,2,Leicester,Southampton,LEI,SOU,England,2022-08-20,4755
X,3,3,Burnley,Blackpool,BUR,BLP,England,2022-08-20,4755
2,0,0,Coventry,Huddersfield,COC,HUD,England,2022-08-20,4755
X,0,0,Preston,Watford,PRE,WAT,England,2022-08-20,4755
X,1,1,Queens Park Rangers,Rotherham,QPR,ROT,England,2022-08-20,4755
1,1,0,Reading,Middlesbrough,REA,MID,England,2022-08-20,4755
2,0,1,Stoke,Sunderland,STO,SUN,England,2022-08-20,4755
1,3,0,Sheffield U,Blackburn,SHU,BLA,England,2022-08-20,4755
1,5,2,West Bromwich,Hull,WBA,HUL,England,2022-08-20,4755
1,2,1,Arsenal,Fulham,ARS,FUL,England,2022-08-27,4756
1,2,1,Chelsea,Leicester,CHE,LEI,England,2022-08-27,4756
1,9,0,Liverpool,Bournemouth,LFC,BRN,England,2022-08-27,4756
X,1,1,Brentford,Everton,BRE,EVE,England,2022-08-27,4756
1,1,0,Brighton,Leeds,BHA,LU,England,2022-08-27,4756
X,3,3,Blackpool,Bristol City,BLP,BRC,England,2022-08-27,4756
2,0,1,Blackburn,Stoke,BLA,STO,England,2022-08-27,4756
X,0,0,Cardiff,Preston,CAR,PRE,England,2022-08-27,4756
X,2,2,Huddersfield,West Bromwich,HUD,WBA,England,2022-08-27,4756
2,0,1,Millwall,Reading,MIL,REA,England,2022-08-27,4756
1,2,0,Rotherham,Birmingham,ROT,BIR,England,2022-08-27,4756
2,2,3,Watford,Queens Park Rangers,WAT,QPR,England,2022-08-27,4756
2,1,5,Wigan,Burnley,WIG,BUR,England,2022-08-27,4756
X,1,1,Aston Villa,Manchester City,AST,MNC,England,2022-09-03,4757
1,5,2,Brentford,Leeds,BRE,LU,England,2022-09-03,4757
1,2,1,Chelsea,West Ham,CHE,WHU,England,2022-09-03,4757
1,2,1,Tottenham,Fulham,TOT,FUL,England,2022-09-03,4757
X,0,0,Newcastle,Crystal Palace,NEW,PAL,England,2022-09-03,4757
2,2,3,Nottingham,Bournemouth,NOF,BRN,England,2022-09-03,4757
1,1,0,Wolverhampton,Southampton,WOL,SOU,England,2022-09-03,4757
2,2,3,Blackburn,Bristol City,BLA,BRC,England,2022-09-03,4757
2,1,2,Luton,Wigan,LUT,WIG,England,2022-09-03,4757
1,2,0,Millwall,Cardiff,MIL,CAR,England,2022-09-03,4757
2,0,1,Preston,Birmingham,PRE,BIR,England,2022-09-03,4757
X,1,1,Rotherham,Watford,ROT,WAT,England,2022-09-03,4757
1,1,0,Swansea,Queens Park Rangers,SWA,QPR,England,2022-09-03,4757
2,1,2,Sampdoria,Milan,SAM,MIL,Italien,2022-09-10,4759
1,1,0,Inter,Torino,INT,TOR,Italien,2022-09-10,4759
2,0,4,Cadiz,Barcelona,CAD,BAR,Spanien,2022-09-10,4759
1,4,1,Atlético Madrid,Celta de Vigo,ATM,CDV,Spanien,2022-09-10,4759
1,3,1,Schalke 04,Bochum,SCH,BOC,Tyskland,2022-09-10,4759
1,2,1,Marseille,Lille,OM,LIL,Frankrike,2022-09-10,4759
X,0,0,Degerfors,Mjällby,DEG,MJÄ,Sverige,2022-09-10,4759
1,2,1,Odense,FC Köpenhamn,OBK,FCK,Danmark,2022-09-10,4759
1,2,1,Lilleström,Strömsgodset,LSK,STG,Norge,2022-09-10,4759
1,5,0,Ajax,Heerenveen,AJA,HEE,Nederländerna,2022-09-10,4759
1,2,1,Excelsior,Emmen,EXC,EMM,Nederländerna,2022-09-10,4759
1,1,0,Oostende,Eupen,OOS,EUP,Belgien,2022-09-10,4759
1,3,2,OH Leuven,Charleroi,OHE,CHA,Belgien,2022-09-10,4759
1,6,2,Tottenham,Leicester,TOT,LEI,England,2022-09-17,4760
X,1,1,Newcastle,Bournemouth,NEW,BRN,England,2022-09-17,4760
X,0,0,Birmingham,Coventry,BIR,COC,England,2022-09-17,4760
1,2,1,Burnley,Bristol City,BUR,BRC,England,2022-09-17,4760
1,1,0,Huddersfield,Cardiff,HUD,CAR,England,2022-09-17,4760
1,2,0,Luton,Blackburn,LUT,BLA,England,2022-09-17,4760
1,2,1,Millwall,Blackpool,MIL,BLP,England,2022-09-17,4760
X,1,1,Norwich,West Bromwich,NOR,WBA,England,2022-09-17,4760
2,0,2,Preston,Sheffield U,PRE,SHU,England,2022-09-17,4760
X,0,0,Queens Park Rangers,Stoke,QPR,STO,England,2022-09-17,4760
X,2,2,Watford,Sunderland,WAT,SUN,England,2022-09-17,4760
2,0,1,Wigan,Reading,WIG,REA,England,2022-09-17,4760
X,0,0,Middlesbrough,Rotherham,MID,ROT,England,2022-09-17,4760
1,4,1,Serbien,Sverige,SRB,SVE,"Serbien, Sverige",2022-09-24,4761
1,2,1,Slovenien,Norge,SLO,NOR,"Slovenien, Norge",2022-09-24,4761
2,1,2,Spanien,Schweiz,ESP,SUI,"Spanien, Schweiz",2022-09-24,4761
2,0,4,Tjeckien,Portugal,CZE,POR,"Tjeckien, Portugal",2022-09-24,4761
1,2,1,Skottland,Irland,SCO,IRL,"Skottland, Irland",2022-09-24,4761
1,2,1,Israel,Albanien,ISR,ALB,"Israel, Albanien",2022-09-24,4761
1,2,1,Nordirland,Kosovo,NIR,KOS,"Nordirland, Kosovo",2022-09-24,4761
1,1,0,Cypern,Grekland,CYP,GRE,"Cypern, Grekland",2022-09-24,4761
1,3,0,Oddevold,Åtvidaberg,ODD,ÅFF,Sverige,2022-09-24,4761
2,1,2,Olympic,Trollhättan,OLY,FCT,Sverige,2022-09-24,4761
2,0,3,Oskarshamn,Ängelholms FF,OSK,ÄNG,Sverige,2022-09-24,4761
1,7,0,Sandviken,Haninge,SAN,HAN,Sverige,2022-09-24,4761
2,1,3,BK Forward,Täby,FOR,TÄB,Sverige,2022-09-24,4761
1,2,0,West Ham,Wolverhampton,WHU,WOL,England,2022-10-01,4762
2,1,2,Crystal Palace,Chelsea,PAL,CHE,England,2022-10-01,4762
X,3,3,Liverpool,Brighton,LFC,BHA,England,2022-10-01,4762
2,1,4,Fulham,Newcastle,FUL,NEW,England,2022-10-01,4762
2,1,2,Southampton,Everton,SOU,EVE,England,2022-10-01,4762
X,0,0,Bournemouth,Brentford,BRN,BRE,England,2022-10-01,4762
2,1,2,Bristol City,Queens Park Rangers,BRC,QPR,England,2022-10-01,4762
1,2,1,Blackburn,Millwall,BLA,MIL,England,2022-10-01,4762
2,0,1,Blackpool,Norwich,BLP,NOR,England,2022-10-01,4762
X,1,1,Cardiff,Burnley,CAR,BUR,England,2022-10-01,4762
1,1,0,Coventry,Middlesbrough,COC,MID,England,2022-10-01,4762
2,0,2,Rotherham,Wigan,ROT,WIG,England,2022-10-01,4762
X,0,0,Sunderland,Preston,SUN,PRE,England,2022-10-01,4762
2,0,1,Brighton,Tottenham,BHA,TOT,England,2022-10-08,4763
1,3,0,Chelsea,Wolverhampton,CHE,WOL,England,2022-10-08,4763
1,2,1,Bournemouth,Leicester,BRN,LEI,England,2022-10-08,4763
1,5,1,Newcastle,Brentford,NEW,BRE,England,2022-10-08,4763
1,3,0,Birmingham,Bristol City,BIR,BRC,England,2022-10-08,4763
1,3,0,Blackburn,Rotherham,BLA,ROT,England,2022-10-08,4763
1,3,1,Blackpool,Watford,BLP,WAT,England,2022-10-08,4763
2,0,1,Coventry,Burnley,COC,BUR,England,2022-10-08,4763
1,2,0,Millwall,Middlesbrough,MIL,MID,England,2022-10-08,4763
1,3,1,Stoke,Sheffield U,STO,SHU,England,2022-10-08,4763
1,2,1,Swansea,Sunderland,SWA,SUN,England,2022-10-08,4763
X,0,0,West Bromwich,Luton,WBA,LUT,England,2022-10-08,4763
2,1,3,Wigan,Cardiff,WIG,CAR,England,2022-10-08,4763
1,2,0,Tottenham,Everton,TOT,EVE,England,2022-10-15,4764
X,2,2,Fulham,Bournemouth,FUL,BRN,England,2022-10-15,4764
1,1,0,Wolverhampton,Nottingham,WOL,NOF,England,2022-10-15,4764
2,1,2,Bristol City,Millwall,BRC,MIL,England,2022-10-15,4764
1,4,0,Burnley,Swansea,BUR,SWA,England,2022-10-15,4764
2,0,1,Cardiff,Coventry,CAR,COC,England,2022-10-15,4764
2,1,2,Middlesbrough,Blackburn,MID,BLA,England,2022-10-15,4764
2,0,2,Preston,Stoke,PRE,STO,England,2022-10-15,4764
2,0,2,Reading,West Bromwich,REA,WBA,England,2022-10-15,4764
X,3,3,Sheffield U,Blackpool,SHU,BLP,England,2022-10-15,4764
1,2,1,Sunderland,Wigan,SUN,WIG,England,2022-10-15,4764
1,2,1,Watford,Norwich,WAT,NOR,England,2022-10-15,4764
2,1,3,Värnamo,Kalmar,VÄR,KAL,Sverige,2022-10-15,4764
X,1,1,Chelsea,Manchester United,CHE,MNU,England,2022-10-22,4765
1,3,1,Manchester City,Brighton,MNC,BHA,England,2022-10-22,4765
1,3,0,Everton,Crystal Palace,EVE,PAL,England,2022-10-22,4765
1,2,1,Blackburn,Birmingham,BLA,BIR,England,2022-10-22,4765
X,0,0,Middlesbrough,Huddersfield,MID,HUD,England,2022-10-22,4765
1,2,1,Millwall,West Bromwich,MIL,WBA,England,2022-10-22,4765
1,2,1,Queens Park Rangers,Wigan,QPR,WIG,England,2022-10-22,4765
1,2,0,Reading,Bristol City,REA,BRC,England,2022-10-22,4765
2,2,4,Rotherham,Hull,ROT,HUL,England,2022-10-22,4765
X,2,2,Sheffield U,Norwich,SHU,NOR,England,2022-10-22,4765
2,0,2,Stoke,Coventry,STO,COC,England,2022-10-22,4765
2,2,4,Sunderland,Burnley,SUN,BUR,England,2022-10-22,4765
2,0,1,Shrewsbury,Charlton,SHR,CHA,England,2022-10-22,4765
2,1,2,Liverpool,Leeds,LFC,LU,England,2022-10-29,4766
X,0,0,Fulham,Everton,FUL,EVE,England,2022-10-29,4766
1,4,1,Brighton,Chelsea,BHA,CHE,England,2022-10-29,4766
1,4,0,Newcastle,Aston Villa,NEW,AST,England,2022-10-29,4766
2,2,3,Bournemouth,Tottenham,BRN,TOT,England,2022-10-29,4766
1,1,0,Crystal Palace,Southampton,PAL,SOU,England,2022-10-29,4766
X,1,1,Brentford,Wolverhampton,BRE,WOL,England,2022-10-29,4766
2,1,2,Coventry,Blackpool,COC,BLP,England,2022-10-29,4766
1,1,0,Cardiff,Rotherham,CAR,ROT,England,2022-10-29,4766
2,0,1,Hull,Blackburn,HUL,BLA,England,2022-10-29,4766
X,1,1,Luton,Sunderland,LUT,SUN,England,2022-10-29,4766
1,2,1,Preston,Middlesbrough,PRE,MID,England,2022-10-29,4766
2,0,1,Wigan,Watford,WIG,WAT,England,2022-10-29,4766
2,0,2,Everton,Leicester,EVE,LEI,England,2022-11-05,4767
1,2,1,Manchester City,Fulham,MNC,FUL,England,2022-11-05,4767
1,4,3,Leeds,Bournemouth,LU,BRN,England,2022-11-05,4767
X,2,2,Nottingham,Brentford,NOF,BRE,England,2022-11-05,4767
2,2,3,Wolverhampton,Brighton,WOL,BHA,England,2022-11-05,4767
2,0,1,Blackpool,Luton,BLP,LUT,England,2022-11-05,4767
X,1,1,Middlesbrough,Bristol City,MID,BRC,England,2022-11-05,4767
2,0,1,Queens Park Rangers,West Bromwich,QPR,WBA,England,2022-11-05,4767
2,1,2,Rotherham,Norwich,ROT,NOR,England,2022-11-05,4767
2,1,2,Stoke,Birmingham,STO,BIR,England,2022-11-05,4767
2,0,1,Sunderland,Cardiff,SUN,CAR,England,2022-11-05,4767
X,2,2,Swansea,Wigan,SWA,WIG,England,2022-11-05,4767
2,0,1,Watford,Coventry,WAT,COC,England,2022-11-05,4767
2,0,2,Wolverhampton,Arsenal,WOL,ARS,England,2022-11-12,4768
1,1,0,Newcastle,Chelsea,NEW,CHE,England,2022-11-12,4768
1,3,1,Liverpool,Southampton,LFC,SOU,England,2022-11-12,4768
1,4,3,Tottenham,Leeds,TOT,LU,England,2022-11-12,4768
1,3,0,Bournemouth,Everton,BRN,EVE,England,2022-11-12,4768
1,1,0,Nottingham,Crystal Palace,NOF,PAL,England,2022-11-12,4768
2,0,2,West Ham,Leicester,WHU,LEI,England,2022-11-12,4768
X,0,0,Bristol City,Watford,BRC,WAT,England,2022-11-12,4768
2,0,1,Cardiff,Sheffield U,CAR,SHU,England,2022-11-12,4768
1,2,0,Coventry,Queens Park Rangers,COC,QPR,England,2022-11-12,4768
2,1,2,Hull,Reading,HUL,REA,England,2022-11-12,4768
2,2,4,Preston,Millwall,PRE,MIL,England,2022-11-12,4768
1,2,0,West Bromwich,Stoke,WBA,STO,England,2022-11-12,4768
1,2,0,Sverige,Algeriet,SVE,ALG,"Sverige, Algeriet",2022-11-19,4769
1,2,1,Turkiet,Tjeckien,TUR,CZE,"Turkiet, Tjeckien",2022-11-19,4769
1,2,0,Albanien,Armenien,ALB,ARM,"Albanien, Armenien",2022-11-19,4769
1,3,1,Barnsley,Milton Keynes Dons,BAR,MKD,England,2022-11-19,4769
X,2,2,Burton,Plymouth,BUR,PA,England,2022-11-19,4769
1,1,0,Bristol Rovers,Peterborough ,BR,PET,England,2022-11-19,4769
1,1,0,Cheltenham,Wycombe,CHE,WYW,England,2022-11-19,4769
2,0,1,Cambridge,Accrington,CAM,ACC,England,2022-11-19,4769
2,1,2,Fleetwood,Bolton,FLE,BOL,England,2022-11-19,4769
1,2,1,Lincoln,Morecambe,LIC,MFC,England,2022-11-19,4769
X,1,1,Oxford,Forest Green,OXU,FGR,England,2022-11-19,4769
1,1,0,Port Vale,Charlton,PVA,CHA,England,2022-11-19,4769
1,1,0,Sheffield W,Shrewsbury,SHW,SHR,England,2022-11-19,4769
1,2,1,Frankrike,Danmark,FRA,DEN,"Frankrike, Danmark",2022-11-26,4770
1,2,0,Argentina,Mexiko,ARG,MEX,"Argentina, Mexiko",2022-11-26,4770
1,3,1,Hartlepool,Harrogate,HAR,HTO,England,2022-11-26,4770
1,4,1,Oxford,Exeter,OXU,EXE,England,2022-11-26,4770
1,3,2,Portsmouth,Milton Keynes Dons,POR,MKD,England,2022-11-26,4770
1,2,1,Sheffield W,Mansfield,SHW,MAT,England,2022-11-26,4770
1,3,1,Shrewsbury,Peterborough ,SHR,PET,England,2022-11-26,4770
1,2,1,Walsall,Carlisle,WAL,CAR,England,2022-11-26,4770
2,0,2,Wimbledon,Chesterfield,WIM,CHE,England,2022-11-26,4770
2,0,1,Japan,Costa Rica,JPN,CRC,"Japan, Costa Rica",2022-11-26,4770
2,0,2,Belgien,Marocko,BEL,MAR,"Belgien, Marocko",2022-11-26,4770
1,4,1,Kroatien,Kanada,CRO,CAN,"Kroatien, Kanada",2022-11-26,4770
X,1,1,Spanien,Tyskland,ESP,GER,"Spanien, Tyskland",2022-11-26,4770
1,3,1,Nederländerna,USA,NED,USA,"Nederländerna, USA",2022-12-03,4771
X,1,1,Accrington,Oxford,ACC,OXU,England,2022-12-03,4771
1,2,0,Crawley Town,Swindon,CRA,SWI,England,2022-12-03,4771
2,0,5,Hartlepool,Stockport,HAR,STO,England,2022-12-03,4771
1,2,1,Mansfield,Colchester,MAT,COL,England,2022-12-03,4771
X,0,0,Northampton,Tranmere,NOR,TRA,England,2022-12-03,4771
2,1,4,Rochdale,Harrogate,ROC,HTO,England,2022-12-03,4771
1,2,1,Real Zaragoza,Ibiza,ZAR,IBI,Spanien,2022-12-03,4771
1,4,2,Mirandes,Albacete,MIR,ALB,Spanien,2022-12-03,4771
2,0,1,Sporting Gijón,Las Palmas,GIJ,LPA,Spanien,2022-12-03,4771
X,0,0,Villarreal B,Leganes,VIB,LEG,Spanien,2022-12-03,4771
X,1,1,Cagliari,Parma,CAG,PAR,Italien,2022-12-03,4771
X,1,1,Cove Rangers,Partick Thistle,COV,PAR,Skottland,2022-12-03,4771
2,1,2,England,Frankrike,ENG,FRA,"England, Frankrike",2022-12-10,4772
1,1,0,Marocko,Portugal,MAR,POR,"Marocko, Portugal",2022-12-10,4772
X,0,0,Blackpool,Birmingham,BLP,BIR,England,2022-12-10,4772
1,2,1,Middlesbrough,Luton,MID,LUT,England,2022-12-10,4772
X,1,1,Millwall,Wigan,MIL,WIG,England,2022-12-10,4772
1,1,0,Sheffield U,Huddersfield,SHU,HUD,England,2022-12-10,4772
X,2,2,Stoke,Cardiff,STO,CAR,England,2022-12-10,4772
2,0,1,Swansea,Norwich,SWA,NOR,England,2022-12-10,4772
2,0,0,Accrington,Portsmouth,ACC,POR,England,2022-12-10,4772
1,1,0,Bristol Rovers,Port Vale,BR,PVA,England,2022-12-10,4772
X,1,1,Exeter,Sheffield W,EXE,SHW,England,2022-12-10,4772
X,0,0,Lincoln,Wycombe,LIC,WYW,England,2022-12-10,4772
2,0,0,Oxford,Barnsley,OXU,BAR,England,2022-12-10,4772
1,2,1,Kroatien,Marocko,CRO,MAR,"Kroatien, Marocko",2022-12-17,4773
2,1,2,Bristol City,Stoke,BRC,STO,England,2022-12-17,4773
1,3,1,Burnley,Middlesbrough,BUR,MID,England,2022-12-17,4773
X,1,1,Cardiff,Blackpool,CAR,BLP,England,2022-12-17,4773
X,3,3,Coventry,Swansea,COC,SWA,England,2022-12-17,4773
2,0,2,Huddersfield,Watford,HUD,WAT,England,2022-12-17,4773
X,1,1,Hull,Sunderland,HUL,SUN,England,2022-12-17,4773
2,0,1,Preston,Queens Park Rangers,PRE,QPR,England,2022-12-17,4773
2,0,2,Norwich,Blackburn,NOR,BLA,England,2022-12-17,4773
1,3,0,West Bromwich,Rotherham,WBA,ROT,England,2022-12-17,4773
1,2,0,Bolton,Exeter,BOL,EXE,England,2022-12-17,4773
2,1,2,Charlton,Bristol Rovers,CHA,BR,England,2022-12-17,4773
2,0,2,Portsmouth,Milton Keynes Dons,POR,MKD,England,2022-12-17,4773
1,3,1,Arsenal,West Ham,ARS,WHU,England,2022-12-26,4774
2,1,3,Aston Villa,Liverpool,AST,LFC,England,2022-12-26,4774
2,0,3,Crystal Palace,Fulham,PAL,FUL,England,2022-12-26,4774
2,1,2,Everton,Wolverhampton,EVE,WOL,England,2022-12-26,4774
2,0,3,Leicester,Newcastle,LEI,NEW,England,2022-12-26,4774
2,1,3,Southampton,Brighton,SOU,BHA,England,2022-12-26,4774
2,0,2,Bristol City,West Bromwich,BRC,WBA,England,2022-12-26,4774
X,0,0,Cardiff,Queens Park Rangers,CAR,QPR,England,2022-12-26,4774
X,1,1,Hull,Blackpool,HUL,BLP,England,2022-12-26,4774
1,4,1,Middlesbrough,Wigan,MID,WIG,England,2022-12-26,4774
2,1,2,Preston,Huddersfield,PRE,HUD,England,2022-12-26,4774
X,2,2,Rotherham,Stoke,ROT,STO,England,2022-12-26,4774
1,3,1,Sheffield U,Coventry,SHU,COC,England,2022-12-26,4774
2,2,4,Brighton,Arsenal,BHA,ARS,England,2022-12-31,4775
X,1,1,Manchester City,Everton,MNC,EVE,England,2022-12-31,4775
1,2,1,Fulham,Southampton,FUL,SOU,England,2022-12-31,4775
X,0,0,Newcastle,Leeds,NEW,LU,England,2022-12-31,4775
2,0,2,Bournemouth,Crystal Palace,BRN,PAL,England,2022-12-31,4775
X,1,1,Nottingham,Chelsea,NOF,CHE,England,2022-12-31,4775
2,0,2,Tottenham,Aston Villa,TOT,AST,England,2022-12-31,4775
1,1,0,Blackburn,Cardiff,BLA,CAR,England,2022-12-31,4775
X,1,1,Blackpool,Sunderland,BLP,SUN,England,2022-12-31,4775
X,1,1,Coventry,Bristol City,COC,BRC,England,2022-12-31,4775
2,1,2,Huddersfield,Luton,HUD,LUT,England,2022-12-31,4775
1,3,0,Millwall,Rotherham,MIL,ROT,England,2022-12-31,4775
2,0,3,Peterborough ,Wycombe,PET,WYW,England,2022-12-31,4775
X,2,2,Liverpool,Wolverhampton,LFC,WOL,England,2023-01-07,4776
2,0,1,Brentford,West Ham,BRE,WHU,England,2023-01-07,4776
2,1,5,Middlesbrough,Brighton,MID,BHA,England,2023-01-07,4776
2,0,2,Hull,Fulham,HUL,FUL,England,2023-01-07,4776
1,2,1,Sheffield W,Newcastle,SHW,NEW,England,2023-01-07,4776
1,4,1,Blackpool,Nottingham,BLP,NOF,England,2023-01-07,4776
2,2,4,Bournemouth,Burnley,BRN,BUR,England,2023-01-07,4776
2,0,2,Millwall,Sheffield U,MIL,SHU,England,2023-01-07,4776
1,2,1,Fleetwood,Queens Park Rangers,FLE,QPR,England,2023-01-07,4776
1,4,1,Ipswich,Rotherham,IPS,ROT,England,2023-01-07,4776
2,1,2,Shrewsbury,Sunderland,SHR,SUN,England,2023-01-07,4776
1,1,0,Grimsby,Burton,GRI,BUR,England,2023-01-07,4776
X,1,1,Luton,Wigan,LUT,WIG,England,2023-01-07,4776
1,2,0,Brentford,Bournemouth,BRE,BRN,England,2023-01-14,4777
1,3,0,Brighton,Liverpool,BHA,LFC,England,2023-01-14,4777
2,1,2,Everton,Southampton,EVE,SOU,England,2023-01-14,4777
1,2,0,Nottingham,Leicester,NOF,LEI,England,2023-01-14,4777
1,1,0,Wolverhampton,West Ham,WOL,WHU,England,2023-01-14,4777
1,4,2,Bristol City,Birmingham,BRC,BIR,England,2023-01-14,4777
X,1,1,Cardiff,Wigan,CAR,WIG,England,2023-01-14,4777
X,1,1,Hull,Huddersfield,HUL,HUD,England,2023-01-14,4777
2,2,3,Luton,West Bromwich,LUT,WBA,England,2023-01-14,4777
1,1,0,Middlesbrough,Millwall,MID,MIL,England,2023-01-14,4777
2,0,4,Preston,Norwich,PRE,NOR,England,2023-01-14,4777
X,2,2,Reading,Queens Park Rangers,REA,QPR,England,2023-01-14,4777
2,1,3,Sunderland,Swansea,SUN,SWA,England,2023-01-14,4777
X,0,0,Crystal Palace,Newcastle,PAL,NEW,England,2023-01-21,4778
X,2,2,Leicester,Brighton,LEI,BHA,England,2023-01-21,4778
2,0,1,Southampton,Aston Villa,SOU,AST,England,2023-01-21,4778
1,2,0,West Ham,Everton,WHU,EVE,England,2023-01-21,4778
X,1,1,Bournemouth,Nottingham,BRN,NOF,England,2023-01-21,4778
2,1,2,Birmingham,Preston,BIR,PRE,England,2023-01-21,4778
1,0,0,Blackpool,Huddersfield,BLP,HUD,England,2023-01-21,4778
X,1,1,Bristol City,Blackburn,BRC,BLA,England,2023-01-21,4778
2,0,1,Cardiff,Millwall,CAR,MIL,England,2023-01-21,4778
X,1,1,Queens Park Rangers,Swansea,QPR,SWA,England,2023-01-21,4778
1,4,0,Stoke,Reading,STO,REA,England,2023-01-21,4778
X,1,1,Watford,Rotherham,WAT,ROT,England,2023-01-21,4778
2,0,2,Wigan,Luton,WIG,LUT,England,2023-01-21,4778
1,3,1,Manchester United,Reading,MNU,REA,England,2023-01-28,4779
2,0,3,Preston,Tottenham,PRE,TOT,England,2023-01-28,4779
X,1,1,Fulham,Sunderland,FUL,SUN,England,2023-01-28,4779
1,2,1,Southampton,Blackpool,SOU,BLP,England,2023-01-28,4779
X,2,2,Blackburn,Birmingham,BLA,BIR,England,2023-01-28,4779
X,0,0,Ipswich,Burnley,IPS,BUR,England,2023-01-28,4779
1,3,0,Bristol City,West Bromwich,BRC,WBA,England,2023-01-28,4779
X,2,2,Luton,Grimsby,LUT,GRI,England,2023-01-28,4779
X,1,1,Sheffield W,Fleetwood,SHW,FLE,England,2023-01-28,4779
1,2,0,Coventry,Huddersfield,COC,HUD,England,2023-01-28,4779
1,3,0,Hull,Queens Park Rangers,HUL,QPR,England,2023-01-28,4779
1,2,0,Middlesbrough,Watford,MID,WAT,England,2023-01-28,4779
1,2,1,Peterborough ,Portsmouth,PET,POR,England,2023-01-28,4779
X,1,1,Newcastle,West Ham,NEW,WHU,England,2023-02-04,4780
1,2,1,Manchester United,Crystal Palace,MNU,PAL,England,2023-02-04,4780
1,3,0,Wolverhampton,Liverpool,WOL,LFC,England,2023-02-04,4780
2,2,4,Aston Villa,Leicester,AST,LEI,England,2023-02-04,4780
1,1,0,Brighton,Bournemouth,BHA,BRN,England,2023-02-04,4780
1,3,0,Brentford,Southampton,BRE,SOU,England,2023-02-04,4780
X,1,1,Huddersfield,Queens Park Rangers,HUD,QPR,England,2023-02-04,4780
1,1,0,Hull,Cardiff,HUL,CAR,England,2023-02-04,4780
1,1,0,Luton,Stoke,LUT,STO,England,2023-02-04,4780
X,1,1,Millwall,Sunderland,MIL,SUN,England,2023-02-04,4780
2,1,2,Preston,Bristol City,PRE,BRC,England,2023-02-04,4780
X,2,2,Reading,Watford,REA,WAT,England,2023-02-04,4780
2,3,4,Swansea,Birmingham,SWA,BIR,England,2023-02-04,4780
X,1,1,Bournemouth,Newcastle,BRN,NEW,England,2023-02-11,4781
X,1,1,Arsenal,Brentford,ARS,BRE,England,2023-02-11,4781
1,4,1,Leicester,Tottenham,LEI,TOT,England,2023-02-11,4781
1,2,0,Fulham,Nottingham,FUL,NOF,England,2023-02-11,4781
X,1,1,Crystal Palace,Brighton,PAL,BHA,England,2023-02-11,4781
2,1,2,Southampton,Wolverhampton,SOU,WOL,England,2023-02-11,4781
1,1,0,Bristol City,Norwich,BRC,NOR,England,2023-02-11,4781
2,1,3,Cardiff,Middlesbrough,CAR,MID,England,2023-02-11,4781
X,1,1,Coventry,Luton,COC,LUT,England,2023-02-11,4781
2,1,2,Queens Park Rangers,Millwall,QPR,MIL,England,2023-02-11,4781
1,1,0,Sunderland,Reading,SUN,REA,England,2023-02-11,4781
X,0,0,Stoke,Hull,STO,HUL,England,2023-02-11,4781
X,1,1,Watford,Blackburn,WAT,BLA,England,2023-02-11,4781
2,0,2,Newcastle,Liverpool,NEW,LFC,England,2023-02-18,4782
2,0,1,Chelsea,Southampton,CHE,SOU,England,2023-02-18,4782
X,1,1,Nottingham,Manchester City,NOF,MNC,England,2023-02-18,4782
1,1,0,Everton,Leeds,EVE,LU,England,2023-02-18,4782
2,0,1,Brighton,Fulham,BHA,FUL,England,2023-02-18,4782
X,1,1,Brentford,Crystal Palace,BRE,PAL,England,2023-02-18,4782
2,0,1,Wolverhampton,Bournemouth,WOL,BRN,England,2023-02-18,4782
1,1,0,Blackburn,Swansea,BLA,SWA,England,2023-02-18,4782
X,0,0,Hull,Preston,HUL,PRE,England,2023-02-18,4782
2,0,1,Luton,Burnley,LUT,BUR,England,2023-02-18,4782
2,0,2,Rotherham,Coventry,ROT,COC,England,2023-02-18,4782
X,1,1,Sunderland,Bristol City,SUN,BRC,England,2023-02-18,4782
X,0,0,Wigan,Norwich,WIG,NOR,England,2023-02-18,4782
X,0,0,Crystal Palace,Liverpool,PAL,LFC,England,2023-02-25,4783
2,1,4,Bournemouth,Manchester City,BRN,MNC,England,2023-02-25,4783
2,0,1,Leicester,Arsenal,LEI,ARS,England,2023-02-25,4783
1,1,0,Leeds,Southampton,LU,SOU,England,2023-02-25,4783
2,0,2,Everton,Aston Villa,EVE,AST,England,2023-02-25,4783
1,4,0,West Ham,Nottingham,WHU,NOF,England,2023-02-25,4783
2,0,1,Birmingham,Luton,BIR,LUT,England,2023-02-25,4783
1,1,0,Bristol City,Hull,BRC,HUL,England,2023-02-25,4783
1,2,0,Norwich,Cardiff,NOR,CAR,England,2023-02-25,4783
2,1,3,Queens Park Rangers,Blackburn,QPR,BLA,England,2023-02-25,4783
1,1,0,Sheffield U,Watford,SHU,WAT,England,2023-02-25,4783
2,0,1,Stoke,Millwall,STO,MIL,England,2023-02-25,4783
1,2,0,West Bromwich,Middlesbrough,WBA,MID,England,2023-02-25,4783
1,1,0,Southampton,Leicester,SOU,LEI,England,2023-03-04,4784
1,3,2,Arsenal,Bournemouth,ARS,BRN,England,2023-03-04,4784
1,1,0,Chelsea,Leeds,CHE,LU,England,2023-03-04,4784
1,1,0,Aston Villa,Crystal Palace,AST,PAL,England,2023-03-04,4784
1,1,0,Wolverhampton,Tottenham,WOL,TOT,England,2023-03-04,4784
1,4,0,Brighton,West Ham,BHA,WHU,England,2023-03-04,4784
2,0,4,Huddersfield,Coventry,HUD,COC,England,2023-03-04,4784
1,1,0,Luton,Swansea,LUT,SWA,England,2023-03-04,4784
2,2,3,Millwall,Norwich,MIL,NOR,England,2023-03-04,4784
1,3,1,Rotherham,Queens Park Rangers,ROT,QPR,England,2023-03-04,4784
2,1,5,Sunderland,Stoke,SUN,STO,England,2023-03-04,4784
X,0,0,Watford,Preston,WAT,PRE,England,2023-03-04,4784
X,1,1,Wigan,Birmingham,WIG,BIR,England,2023-03-04,4784
2,0,1,Crystal Palace,Manchester City,PAL,MNC,England,2023-03-11,4785
2,1,3,Leicester,Chelsea,LEI,CHE,England,2023-03-11,4785
X,2,2,Leeds,Brighton,LU,BHA,England,2023-03-11,4785
1,3,1,Tottenham,Nottingham,TOT,NOF,England,2023-03-11,4785
1,1,0,Everton,Brentford,EVE,BRE,England,2023-03-11,4785
1,2,0,Birmingham,Rotherham,BIR,ROT,England,2023-03-11,4785
X,1,1,Coventry,Hull,COC,HUL,England,2023-03-11,4785
1,2,0,Preston,Cardiff,PRE,CAR,England,2023-03-11,4785
1,1,0,Queens Park Rangers,Watford,QPR,WAT,England,2023-03-11,4785
2,0,1,Reading,Millwall,REA,MIL,England,2023-03-11,4785
2,0,1,Sheffield U,Luton,SHU,LUT,England,2023-03-11,4785
2,1,3,Swansea,Middlesbrough,SWA,MID,England,2023-03-11,4785
1,1,0,West Bromwich,Huddersfield,WBA,HUD,England,2023-03-11,4785
X,2,2,Chelsea,Everton,CHE,EVE,England,2023-03-18,4786
X,3,3,Southampton,Tottenham,SOU,TOT,England,2023-03-18,4786
X,1,1,Brentford,Leicester,BRE,LEI,England,2023-03-18,4786
2,2,4,Wolverhampton,Leeds,WOL,LU,England,2023-03-18,4786
1,3,0,Aston Villa,Bournemouth,AST,BRN,England,2023-03-18,4786
1,6,0,Manchester City,Burnley,MNC,BUR,England,2023-03-18,4786
2,1,4,Blackpool,Coventry,BLP,COC,England,2023-03-18,4786
1,4,0,Middlesbrough,Preston,MID,PRE,England,2023-03-18,4786
2,0,1,Queens Park Rangers,Birmingham,QPR,BIR,England,2023-03-18,4786
X,1,1,Reading,Hull,REA,HUL,England,2023-03-18,4786
1,0,0,Rotherham,Cardiff,ROT,CAR,England,2023-03-18,4786
X,0,0,Stoke,Norwich,STO,NOR,England,2023-03-18,4786
X,1,1,Sunderland,Luton,SUN,LUT,England,2023-03-18,4786
1,3,0,Spanien,Norge,ESP,NOR,"Spanien, Norge",2023-03-25,4787
X,1,1,Kroatien,Wales,CRO,WAL,"Kroatien, Wales",2023-03-25,4787
X,1,1,Israel,Kosovo,ISR,KOS,"Israel, Kosovo",2023-03-25,4787
2,1,2,Armenien,Turkiet,ARM,TUR,"Armenien, Turkiet",2023-03-25,4787
2,0,2,Andorra,Rumänien,AND,ROU,"Andorra, Rumänien",2023-03-25,4787
X,1,1,Charlton,Wycombe,CHA,WYW,England,2023-03-25,4787
1,5,0,Exeter,Accrington,EXE,ACC,England,2023-03-25,4787
1,2,1,Fleetwood,Lincoln,FLE,LIC,England,2023-03-25,4787
1,1,0,Milton Keynes Dons,Morecambe,MKD,MFC,England,2023-03-25,4787
1,2,0,Peterborough ,Derby,PET,DER,England,2023-03-25,4787
X,2,2,Portsmouth,Port Vale,POR,PVA,England,2023-03-25,4787
X,0,0,Mansfield,Sutton,MAT,SUT,England,2023-03-25,4787
2,1,3,Stevenage,Salford,STE,SAL,England,2023-03-25,4787
2,0,2,Chelsea,Aston Villa,CHE,AST,England,2023-04-01,4788
1,4,1,Arsenal,Leeds,ARS,LU,England,2023-04-01,4788
1,2,1,Bournemouth,Fulham,BRN,FUL,England,2023-04-01,4788
X,3,3,Brighton,Brentford,BHA,BRE,England,2023-04-01,4788
1,2,1,Crystal Palace,Leicester,PAL,LEI,England,2023-04-01,4788
X,1,1,Nottingham,Wolverhampton,NOF,WOL,England,2023-04-01,4788
X,0,0,West Bromwich,Millwall,WBA,MIL,England,2023-04-01,4788
2,0,1,Norwich,Sheffield U,NOR,SHU,England,2023-04-01,4788
1,1,0,Birmingham,Blackburn,BIR,BLA,England,2023-04-01,4788
2,2,3,Cardiff,Swansea,CAR,SWA,England,2023-04-01,4788
2,0,4,Coventry,Stoke,COC,STO,England,2023-04-01,4788
X,0,0,Hull,Rotherham,HUL,ROT,England,2023-04-01,4788
1,1,0,Wigan,Queens Park Rangers,WIG,QPR,England,2023-04-01,4788
2,1,4,Southampton,Manchester City,SOU,MNC,England,2023-04-08,4789
1,2,1,Tottenham,Brighton,TOT,BHA,England,2023-04-08,4789
1,1,0,Wolverhampton,Chelsea,WOL,CHE,England,2023-04-08,4789
1,2,0,Aston Villa,Nottingham,AST,NOF,England,2023-04-08,4789
2,1,2,Brentford,Newcastle,BRE,NEW,England,2023-04-08,4789
2,0,1,Fulham,West Ham,FUL,WHU,England,2023-04-08,4789
2,0,1,Leicester,Bournemouth,LEI,BRN,England,2023-04-08,4789
1,2,1,Lazio,Juventus,LAZ,JUV,Italien,2023-04-08,4789
2,0,2,Atalanta,Bologna,ATA,BFC,Italien,2023-04-08,4789
2,0,1,Torino,Roma,TOR,ROM,Italien,2023-04-08,4789
2,2,3,Real Madrid,Villarreal,RMA,VIL,Spanien,2023-04-08,4789
2,1,2,Espanyol,Athletic Bilbao,ESP,BIL,Spanien,2023-04-08,4789
2,0,2,Nice,Paris Saint-Germain,NIC,PSG,Frankrike,2023-04-08,4789
1,3,1,Manchester City,Leicester,MNC,LEI,England,2023-04-15,4790
2,1,2,Chelsea,Brighton,CHE,BHA,England,2023-04-15,4790
2,1,3,Everton,Fulham,EVE,FUL,England,2023-04-15,4790
2,2,3,Tottenham,Bournemouth,TOT,BRN,England,2023-04-15,4790
2,0,2,Southampton,Crystal Palace,SOU,PAL,England,2023-04-15,4790
1,2,0,Wolverhampton,Brentford,WOL,BRE,England,2023-04-15,4790
1,2,0,Millwall,Preston,MIL,PRE,England,2023-04-15,4790
2,0,3,Queens Park Rangers,Coventry,QPR,COC,England,2023-04-15,4790
2,0,2,Rotherham,Luton,ROT,LUT,England,2023-04-15,4790
1,2,1,Sunderland,Birmingham,SUN,BIR,England,2023-04-15,4790
2,1,2,Stoke,West Bromwich,STO,WBA,England,2023-04-15,4790
1,1,0,Swansea,Huddersfield,SWA,HUD,England,2023-04-15,4790
1,2,0,Watford,Bristol City,WAT,BRC,England,2023-04-15,4790
1,3,2,Liverpool,Nottingham,LFC,NOF,England,2023-04-22,4791
1,2,1,Leicester,Wolverhampton,LEI,WOL,England,2023-04-22,4791
X,1,1,Brentford,Aston Villa,BRE,AST,England,2023-04-22,4791
X,0,0,Crystal Palace,Everton,PAL,EVE,England,2023-04-22,4791
2,0,1,Birmingham,Blackpool,BIR,BLP,England,2023-04-22,4791
1,2,1,Bristol City,Rotherham,BRC,ROT,England,2023-04-22,4791
X,1,1,Cardiff,Stoke,CAR,STO,England,2023-04-22,4791
1,2,1,Coventry,Reading,COC,REA,England,2023-04-22,4791
1,1,0,Hull,Watford,HUL,WAT,England,2023-04-22,4791
2,0,3,Norwich,Swansea,NOR,SWA,England,2023-04-22,4791
X,1,1,Preston,Blackburn,PRE,BLA,England,2023-04-22,4791
1,2,1,Wigan,Millwall,WIG,MIL,England,2023-04-22,4791
2,1,2,Degerfors,Elfsborg,DEG,IFE,Sverige,2023-04-22,4791
1,2,1,Brentford,Nottingham,BRE,NOF,England,2023-04-29,4792
1,6,0,Brighton,Wolverhampton,BHA,WOL,England,2023-04-29,4792
1,2,0,Coventry,Birmingham,COC,BIR,England,2023-04-29,4792
X,1,1,Hull,Swansea,HUL,SWA,England,2023-04-29,4792
1,4,1,Sheffield U,Preston,SHU,PRE,England,2023-04-29,4792
2,1,2,Bristol City,Burnley,BRC,BUR,England,2023-04-29,4792
X,2,2,Sunderland,Watford,SUN,WAT,England,2023-04-29,4792
1,2,1,West Bromwich,Norwich,WBA,NOR,England,2023-04-29,4792
2,0,1,Stoke,Queens Park Rangers,STO,QPR,England,2023-04-29,4792
X,1,1,Reading,Wigan,REA,WIG,England,2023-04-29,4792
2,0,2,Halmstad,Brommapojkarna,HBK,BRO,Sverige,2023-04-29,4792
1,3,1,Häcken,Värnamo,HAC,VÄR,Sverige,2023-04-29,4792
X,1,1,Roma,Milan,ROM,MIL,Italien,2023-04-29,4792
1,1,0,Liverpool,Brentford,LFC,BRE,England,2023-05-06,4793
1,2,1,Manchester City,Leeds,MNC,LU,England,2023-05-06,4793
2,1,3,Bournemouth,Chelsea,BRN,CHE,England,2023-05-06,4793
1,1,0,Tottenham,Crystal Palace,TOT,PAL,England,2023-05-06,4793
1,1,0,Wolverhampton,Aston Villa,WOL,AST,England,2023-05-06,4793
2,0,2,Roma,Inter,ROM,INT,Italien,2023-05-06,4793
2,1,2,Werder Bremen,Bayern München,SVW,BMÜ,Tyskland,2023-05-06,4793
1,2,1,Real Madrid,Osasuna,RMA,OSA,Spanien,2023-05-06,4793
1,2,1,Lens,Marseille,LEN,OM,Frankrike,2023-05-06,4793
1,2,1,Nice,Rennes,NIC,REN,Frankrike,2023-05-06,4793
X,0,0,Ajax,AZ Alkmaar,AJA,AZ,Nederländerna,2023-05-06,4793
2,1,2,Club Brügge,Royale Union SG,BRÜ,USG,Belgien,2023-05-06,4793
1,1,0,Benfica,Braga,BEN,BRA,Portugal,2023-05-06,4793
1,2,0,Manchester United,Wolverhampton,MNU,WOL,England,2023-05-13,4794
1,2,1,Aston Villa,Tottenham,AST,TOT,England,2023-05-13,4794
X,2,2,Chelsea,Nottingham,CHE,NOF,England,2023-05-13,4794
1,2,0,Crystal Palace,Bournemouth,PAL,BRN,England,2023-05-13,4794
2,0,2,Southampton,Fulham,SOU,FUL,England,2023-05-13,4794
1,2,1,Sunderland,Luton,SUN,LUT,England,2023-05-13,4794
X,1,1,Bolton,Barnsley,BOL,BAR,England,2023-05-13,4794
1,1,0,Salford,Stockport,SAL,STO,England,2023-05-13,4794
X,1,1,Chesterfield,Notts County,CHE,NOC,England,2023-05-13,4794
2,1,3,Varberg,IFK Norrköping,VBG,NKP,Sverige,2023-05-13,4794
1,2,0,Spezia,Milan,SPE,MIL,Italien,2023-05-13,4794
1,1,0,Real Madrid,Getafe,RMA,GET,Spanien,2023-05-13,4794
1,5,1,Villarreal,Athletic Bilbao,VIL,BIL,Spanien,2023-05-13,4794
1,1,0,Nottingham,Arsenal,NOF,ARS,England,2023-05-20,4795
X,1,1,Liverpool,Aston Villa,LFC,AST,England,2023-05-20,4795
2,0,1,Bournemouth,Manchester United,BRN,MNU,England,2023-05-20,4795
X,1,1,Wolverhampton,Everton,WOL,EVE,England,2023-05-20,4795
X,2,2,Fulham,Crystal Palace,FUL,PAL,England,2023-05-20,4795
1,1,0,Carlisle,Bradford,CAR,BRA,England,2023-05-20,4795
1,3,1,Atalanta,Verona,ATA,VER,Italien,2023-05-20,4795
1,3,0,Almería,Mallorca,ALM,MAL,Spanien,2023-05-20,4795
1,2,1,Athletic Bilbao,Celta de Vigo,BIL,CDV,Spanien,2023-05-20,4795
1,2,1,Lille,Marseille,LIL,OM,Frankrike,2023-05-20,4795
2,0,3,Nantes,Montpellier,NAN,MON,Frankrike,2023-05-20,4795
2,1,3,Bayern München,RB Leipzig,BMÜ,RBL,Tyskland,2023-05-20,4795
1,2,0,Brann,Lilleström,BRA,LSK,Norge,2023-05-20,4795
1,1,0,Brentford,Manchester City,BRE,MNC,England,2023-05-28,4796
1,2,1,Manchester United,Fulham,MNU,FUL,England,2023-05-28,4796
X,4,4,Southampton,Liverpool,SOU,LFC,England,2023-05-28,4796
1,2,1,Aston Villa,Brighton,AST,BHA,England,2023-05-28,4796
1,1,0,Everton,Bournemouth,EVE,BRN,England,2023-05-28,4796
1,2,1,Leicester,West Ham,LEI,WHU,England,2023-05-28,4796
2,1,4,Leeds,Tottenham,LU,TOT,England,2023-05-28,4796
X,1,1,Chelsea,Newcastle,CHE,NEW,England,2023-05-28,4796
1,5,0,Arsenal,Wolverhampton,ARS,WOL,England,2023-05-28,4796
X,1,1,Crystal Palace,Nottingham,PAL,NOF,England,2023-05-28,4796
2,0,1,Juventus,Milan,JUV,MIL,Italien,2023-05-28,4796
1,2,1,Atlético Madrid,Real Sociedad,ATM,SOC,Spanien,2023-05-28,4796
1,3,0,Elfsborg,Malmö,IFE,MAL,Sverige,2023-05-28,4796
1,2,1,Manchester City,Manchester United,MNC,MNU,England,2023-06-03,4797
2,0,2,IFK Norrköping,Brommapojkarna,NKP,BRO,Sverige,2023-06-03,4797
1,2,0,RB Leipzig,Frankfurt,RBL,FRA,Tyskland,2023-06-03,4797
2,1,2,Brest,Rennes,BRE,REN,Frankrike,2023-06-03,4797
2,1,2,Monaco,Toulouse,ASM,TFC,Frankrike,2023-06-03,4797
2,1,3,Albacete,Levante,ALB,LEV,Spanien,2023-06-03,4797
X,1,1,Eibar,Alavés,EIB,ALA,Spanien,2023-06-03,4797
X,0,0,Parma,Cagliari,PAR,CAG,Italien,2023-06-03,4797
2,0,1,Hammarby TFF,Stockholm Internazionale,HAM,STO,Sverige,2023-06-03,4797
1,3,0,Vasalund,Motala AIF,VAS,MOT,Sverige,2023-06-03,4797
1,2,0,AFC Malmö,Ahlafors,ARI,AHL,Sverige,2023-06-03,4797
1,3,1,Åtvidaberg,Norrby,ÅFF,NOR,Sverige,2023-06-03,4797
1,3,2,Barcelona,Wolfsburg,BAR,WOL,"Spanien, Tyskland",2023-06-03,4797
1,1,0,Manchester City,Inter,MNC,INT,"England, Italien",2023-06-10,4798
2,1,2,Varberg,Halmstad,VBG,HBK,Sverige,2023-06-10,4798
1,3,0,Dalkurd,Hammarby TFF,DAL,HAM,Sverige,2023-06-10,4798
1,3,1,Nordic United,Motala AIF,NOR,MOT,Sverige,2023-06-10,4798
2,0,1,Örebro Syrianska,Stockholm Internazionale,ÖSY,STO,Sverige,2023-06-10,4798
1,4,0,Lund,Ljungskile,LBK,LSK,Sverige,2023-06-10,4798
2,2,3,Norrby,Tvååker,NOR,TVÅ,Sverige,2023-06-10,4798
1,5,3,Oddevold,Olympic,ODD,OLY,Sverige,2023-06-10,4798
1,1,0,Räppe,Kristianstad,RÄP,KRI,Sverige,2023-06-10,4798
1,4,3,Gute,Viggbyholm,GUT,VIG,Sverige,2023-06-10,4798
2,3,5,Farsta,Mjölby,FFA,MJÖ,Sverige,2023-06-10,4798
X,2,2,Hafnarfjördur,Breidablik,FH,BRE,Island,2023-06-10,4798
X,1,1,KR Reykjavik,Vestmannaeyja,KR,IBV,Island,2023-06-10,4798
X,1,1,Belgien,Österrike,BEL,AUT,"Belgien, Österrike",2023-06-17,4799
2,1,2,Norge,Skottland,NOR,SCO,"Norge, Skottland",2023-06-17,4799
2,1,2,Island,Slovakien,ISL,SVK,"Island, Slovakien",2023-06-17,4799
X,0,0,Montenegro,Ungern,MNE,HUN,"Montenegro, Ungern",2023-06-17,4799
X,1,1,Azerbajdzjan,Estland,AZE,EST,"Azerbajdzjan, Estland",2023-06-17,4799
1,2,0,Albanien,Moldavien,ALB,MDA,"Albanien, Moldavien",2023-06-17,4799
2,1,2,Cypern,Georgien,CYP,GEO,"Cypern, Georgien",2023-06-17,4799
2,0,3,Färöarna,Tjeckien,FRO,CZE,"Färöarna, Tjeckien",2023-06-17,4799
1,3,0,Portugal,Bosnien & Hercegovina,POR,BIH,"Portugal, Bosnien och Hercegovina",2023-06-17,4799
X,0,0,Levante,Alavés,LEV,ALA,Spanien,2023-06-17,4799
1,3,1,Nordic United,Hammarby TFF,NOR,HAM,Sverige,2023-06-17,4799
X,1,1,Täby,Dalkurd,TÄB,DAL,Sverige,2023-06-17,4799
X,2,2,Eskilsminne,Falkenberg,ESK,FFF,Sverige,2023-06-17,4799
1,2,1,IF Karlstad,Dalkurd,KAR,DAL,Sverige,2023-06-25,4800
X,1,1,Örebro Syrianska,Sollentuna,ÖSY,SOL,Sverige,2023-06-25,4800
1,2,1,Oddevold,AFC Malmö,ODD,ARI,Sverige,2023-06-25,4800
2,0,1,Ängelholms FF,Oskarshamn,ÄNG,OSK,Sverige,2023-06-25,4800
2,0,3,Rosenborg,Sarpsborg,RBK,SAR,Norge,2023-06-25,4800
1,2,1,Tromsö,Stabæk,TIL,STB,Norge,2023-06-25,4800
1,2,0,Strömsgodset,Bodö/Glimt,STG,B/G,Norge,2023-06-25,4800
2,0,1,Ham-Kam,Odds,HAM,ODD,Norge,2023-06-25,4800
1,1,0,Molde,Haugesund,MFK,HAU,Norge,2023-06-25,4800
1,2,1,Tjeckien,Tyskland,CZE,GER,"Tjeckien, Tyskland",2023-06-25,4800
2,2,3,Schweiz,Italien,SUI,ITA,"Schweiz, Italien",2023-06-25,4800
1,3,0,Järfälla,Arlanda,JÄR,ARL,Sverige,2023-06-25,4800
1,2,1,Nordvärmland,Zenith,NFF,ZEN,Sverige,2023-06-25,4800
1,3,0,Malmö,Sirius,MAL,SIR,Sverige,2023-07-01,4801
2,1,2,Vålerenga,Viking,VIF,VIK,Norge,2023-07-01,4801
X,0,0,England,Portugal,ENG,POR,"England, Portugal",2023-07-01,4801
1,3,0,Oulu,Haka,ACO,HAK,Finland,2023-07-01,4801
2,3,4,Lahti,KuPS,LAH,KUPS,Finland,2023-07-01,4801
X,1,1,Ilves,SJK,ILV,SEI,Finland,2023-07-01,4801
X,0,0,Mariehamn,Kotka,MAR,KOT,Finland,2023-07-01,4801
1,3,0,VPS,Inter Åbo,VPS,INT,Finland,2023-07-01,4801
1,1,0,Sao Paulo,Fluminense,SPA,FLU,Brasilien,2023-07-01,4801
2,1,2,Bahia,Gremio,BAH,GPA,Brasilien,2023-07-01,4801
1,2,0,Flamengo,Fortaleza,FLA,FOR,Brasilien,2023-07-01,4801
X,0,0,Internacional,Cruzeiro,INT,CRU,Brasilien,2023-07-01,4801
X,2,2,Cincinnati,New England Revolution,CIN,NEE,USA,2023-07-01,4801
2,1,2,Brommapojkarna,Degerfors,BRO,DEG,Sverige,2023-07-08,4802
1,2,0,Gefle,AFC Eskilstuna,GEF,ESK,Sverige,2023-07-08,4802
1,2,0,Viking,Haugesund,VIK,HAU,Norge,2023-07-08,4802
X,2,2,Haka,Inter Åbo,HAK,INT,Finland,2023-07-08,4802
2,0,1,KuPS,VPS,KUPS,VPS,Finland,2023-07-08,4802
X,0,0,Kotka,Ilves,KOT,ILV,Finland,2023-07-08,4802
1,1,0,SJK,Honka,SEI,HON,Finland,2023-07-08,4802
1,1,0,Vestmannaeyja,Fram,IBV,FRA,Island,2023-07-08,4802
2,0,1,Vasco da Gama,Cruzeiro,VDG,CRU,Brasilien,2023-07-08,4802
X,1,1,Cuiaba Esporte,Bahia,CUI,BAH,Brasilien,2023-07-08,4802
2,0,1,Atletico Mineiro,Corinthians,ATL,COR,Brasilien,2023-07-08,4802
1,3,1,Coritiba,America,COR,AMG,Brasilien,2023-07-08,4802
X,1,1,Palmeiras,Flamengo,PAL,FLA,Brasilien,2023-07-08,4802
1,4,2,Häcken,Brommapojkarna,HAC,BRO,Sverige,2023-07-15,4803
2,0,3,Degerfors,Sirius,DEG,SIR,Sverige,2023-07-15,4803
1,4,1,Östersund,Landskrona,ÖST,LKB,Sverige,2023-07-15,4803
2,0,4,Vålerenga,Molde,VIF,MFK,Norge,2023-07-15,4803
1,3,0,VPS,Oulu,VPS,ACO,Finland,2023-07-15,4803
1,3,0,Sligo Rovers,Cork,SLR,COR,Irland,2023-07-15,4803
1,3,2,Corinthians,America,COR,AMG,Brasilien,2023-07-15,4803
2,1,2,Atlanta United FC,Orlando City,ATL,ORL,USA,2023-07-15,4803
X,1,1,Elfsborg,IFK Göteborg,IFE,IFK,Sverige,2023-07-15,4803
1,3,1,Hammarby,Kalmar,HAM,KAL,Sverige,2023-07-15,4803
2,1,2,Mjällby,IFK Norrköping,MJÄ,NKP,Sverige,2023-07-15,4803
1,2,1,AFC Eskilstuna,Brage,ESK,IKB,Sverige,2023-07-15,4803
X,1,1,GAIS,Gefle,GAIS,GEF,Sverige,2023-07-15,4803
1,1,0,Värnamo,Häcken,VÄR,HAC,Sverige,2023-07-22,4804
1,5,1,Molde,Sarpsborg,MFK,SAR,Norge,2023-07-22,4804
2,1,2,Lyngby,FC Köpenhamn,LBY,FCK,Danmark,2023-07-22,4804
1,1,0,HJK Helsingfors,Ilves,HJK,ILV,Finland,2023-07-22,4804
2,1,2,Inter Åbo,SJK,INT,SEI,Finland,2023-07-22,4804
1,3,1,Oulu,Kotka,ACO,KOT,Finland,2023-07-22,4804
X,1,1,Flamengo,America,FLA,AMG,Brasilien,2023-07-22,4804
1,3,1,Palmeiras,Fortaleza,PAL,FOR,Brasilien,2023-07-22,4804
X,0,0,AIK,Malmö,AIK,MAL,Sverige,2023-07-22,4804
X,0,0,IFK Göteborg,Halmstad,IFK,HBK,Sverige,2023-07-22,4804
1,1,0,IFK Norrköping,Degerfors,NKP,DEG,Sverige,2023-07-22,4804
1,1,0,Kalmar,Varberg,KAL,VBG,Sverige,2023-07-22,4804
1,2,1,Utsikten,Jönköpings Södra,UTS,JÖN,Sverige,2023-07-22,4804
1,2,0,Degerfors,Brommapojkarna,DEG,BRO,Sverige,2023-07-29,4805
2,0,5,Halmstad,Varberg,HBK,VBG,Sverige,2023-07-29,4805
1,3,0,Sylvia,Vasalund,SYL,VAS,Sverige,2023-07-29,4805
2,0,3,Täby,Motala AIF,TÄB,MOT,Sverige,2023-07-29,4805
X,2,2,Eskilsminne,Trollhättan,ESK,FCT,Sverige,2023-07-29,4805
X,1,1,Norrby,Oskarshamn,NOR,OSK,Sverige,2023-07-29,4805
1,1,0,Torn,Ljungskile,TOR,LSK,Sverige,2023-07-29,4805
1,3,0,Tvååker,Åtvidaberg,TVÅ,ÅFF,Sverige,2023-07-29,4805
2,0,1,Stabæk,Molde,STB,MFK,Norge,2023-07-29,4805
2,2,3,Vejle,FC Köpenhamn,VEJ,FCK,Danmark,2023-07-29,4805
2,1,2,SJK,HJK Helsingfors,SEI,HJK,Finland,2023-07-29,4805
X,1,1,Breidablik,Stjarnan,BRE,STJ,Island,2023-07-29,4805
1,1,0,Fluminense,Santos,FLU,SAN,Brasilien,2023-07-29,4805
1,2,1,Blackburn,West Bromwich,BLA,WBA,England,2023-08-05,4806
X,1,1,Bristol City,Preston,BRC,PRE,England,2023-08-05,4806
2,0,1,Middlesbrough,Millwall,MID,MIL,England,2023-08-05,4806
1,2,1,Norwich,Hull,NOR,HUL,England,2023-08-05,4806
1,3,1,Plymouth,Huddersfield,PA,HUD,England,2023-08-05,4806
1,4,1,Stoke,Rotherham,STO,ROT,England,2023-08-05,4806
X,1,1,Swansea,Birmingham,SWA,BIR,England,2023-08-05,4806
1,4,0,Watford,Queens Park Rangers,WAT,QPR,England,2023-08-05,4806
1,4,0,FC Köpenhamn,Randers,FCK,RAN,Danmark,2023-08-05,4806
1,4,1,IF Karlstad,Sylvia,KAR,SYL,Sverige,2023-08-05,4806
2,0,1,Vasalund,Hammarby TFF,VAS,HAM,Sverige,2023-08-05,4806
1,6,0,AFC Malmö,Åtvidaberg,ARI,ÅFF,Sverige,2023-08-05,4806
X,1,1,Vänersborgs FK,Norrby,VIF,NOR,Sverige,2023-08-05,4806
1,5,1,Newcastle,Aston Villa,NEW,AST,England,2023-08-12,4807
2,0,1,Everton,Fulham,EVE,FUL,England,2023-08-12,4807
X,1,1,Bournemouth,West Ham,BRN,WHU,England,2023-08-12,4807
1,4,1,Brighton,Luton,BHA,LUT,England,2023-08-12,4807
2,0,1,Sheffield U,Crystal Palace,SHU,PAL,England,2023-08-12,4807
1,1,0,Birmingham,Leeds,BIR,LU,England,2023-08-12,4807
2,0,1,Huddersfield,Leicester,HUD,LEI,England,2023-08-12,4807
2,1,2,Cardiff,Queens Park Rangers,CAR,QPR,England,2023-08-12,4807
1,2,0,Ipswich,Stoke,IPS,STO,England,2023-08-12,4807
1,2,1,Preston,Sunderland,PRE,SUN,England,2023-08-12,4807
X,2,2,Rotherham,Blackburn,ROT,BLA,England,2023-08-12,4807
X,4,4,Southampton,Norwich,SOU,NOR,England,2023-08-12,4807
1,3,2,West Bromwich,Swansea,WBA,SWA,England,2023-08-12,4807
1,1,0,Manchester City,Newcastle,MNC,NEW,England,2023-08-19,4808
1,2,0,Tottenham,Manchester United,TOT,MNU,England,2023-08-19,4808
1,3,1,Liverpool,Bournemouth,LFC,BRN,England,2023-08-19,4808
2,0,3,Fulham,Brentford,FUL,BRE,England,2023-08-19,4808
2,1,4,Wolverhampton,Brighton,WOL,BHA,England,2023-08-19,4808
2,1,2,Blackburn,Hull,BLA,HUL,England,2023-08-19,4808
2,0,2,Bristol City,Birmingham,BRC,BIR,England,2023-08-19,4808
X,1,1,Middlesbrough,Huddersfield,MID,HUD,England,2023-08-19,4808
2,0,1,Sheffield W,Preston,SHW,PRE,England,2023-08-19,4808
1,1,0,Stoke,Watford,STO,WAT,England,2023-08-19,4808
1,2,1,Sunderland,Rotherham,SUN,ROT,England,2023-08-19,4808
X,1,1,Swansea,Coventry,SWA,COC,England,2023-08-19,4808
2,0,1,Queens Park Rangers,Ipswich,QPR,IPS,England,2023-08-19,4808
2,1,3,Brighton,West Ham,BHA,WHU,England,2023-08-26,4809
X,2,2,Arsenal,Fulham,ARS,FUL,England,2023-08-26,4809
1,3,2,Manchester United,Nottingham,MNU,NOF,England,2023-08-26,4809
2,0,1,Everton,Wolverhampton,EVE,WOL,England,2023-08-26,4809
X,1,1,Brentford,Crystal Palace,BRE,PAL,England,2023-08-26,4809
2,3,4,Ipswich,Leeds,IPS,LU,England,2023-08-26,4809
1,2,1,Birmingham,Plymouth,BIR,PA,England,2023-08-26,4809
1,2,1,Cardiff,Sheffield W,CAR,SHW,England,2023-08-26,4809
X,0,0,Coventry,Sunderland,COC,SUN,England,2023-08-26,4809
2,0,4,Huddersfield,Norwich,HUD,NOR,England,2023-08-26,4809
1,1,0,Millwall,Stoke,MIL,STO,England,2023-08-26,4809
1,2,1,Preston,Swansea,PRE,SWA,England,2023-08-26,4809
1,4,2,West Bromwich,Middlesbrough,WBA,MID,England,2023-08-26,4809
1,3,1,Brighton,Newcastle,BHA,NEW,England,2023-09-02,4810
2,0,1,Chelsea,Nottingham,CHE,NOF,England,2023-09-02,4810
2,2,5,Burnley,Tottenham,BUR,TOT,England,2023-09-02,4810
X,2,2,Brentford,Bournemouth,BRE,BRN,England,2023-09-02,4810
X,3,3,Coventry,Watford,COC,WAT,England,2023-09-02,4810
1,3,2,Ipswich,Cardiff,IPS,CAR,England,2023-09-02,4810
2,0,1,Leicester,Hull,LEI,HUL,England,2023-09-02,4810
X,0,0,Leeds,Sheffield W,LU,SHW,England,2023-09-02,4810
2,0,2,Middlesbrough,Queens Park Rangers,MID,QPR,England,2023-09-02,4810
1,3,0,Plymouth,Blackburn,PA,BLA,England,2023-09-02,4810
1,2,1,Rotherham,Norwich,ROT,NOR,England,2023-09-02,4810
2,0,2,Stoke,Preston,STO,PRE,England,2023-09-02,4810
2,1,2,West Bromwich,Huddersfield,WBA,HUD,England,2023-09-02,4810
2,0,5,Estland,Sverige,EST,SVE,"Estland, Sverige",2023-09-09,4811
X,1,1,Ukraina,England,UKR,ENG,"Ukraina, England",2023-09-09,4811
X,1,1,Nordmakedonien,Italien,MKD,ITA,"Nordmakedonien, Italien",2023-09-09,4811
X,1,1,Rumänien,Israel,ROU,ISR,"Rumänien, Israel",2023-09-09,4811
X,2,2,Kosovo,Schweiz,KOS,SUI,"Kosovo, Schweiz",2023-09-09,4811
2,1,4,Tyskland,Japan,GER,JPN,"Tyskland, Japan",2023-09-09,4811
2,0,1,Vänersborgs FK,Oskarshamn,VIF,OSK,Sverige,2023-09-09,4811
X,1,1,Åtvidaberg,Falkenberg,ÅFF,FFF,Sverige,2023-09-09,4811
X,1,1,Ängelholms FF,Ahlafors,ÄNG,AHL,Sverige,2023-09-09,4811
1,2,1,Dalkurd,Stockholm Internazionale,DAL,STO,Sverige,2023-09-09,4811
2,1,2,Motala AIF,Vasalund,MOT,VAS,Sverige,2023-09-09,4811
X,4,4,Örebro Syrianska,Nordic United,ÖSY,NOR,Sverige,2023-09-09,4811
1,1,0,Burgos,Eibar,BUR,EIB,Spanien,2023-09-09,4811
1,1,0,Newcastle,Brentford,NEW,BRE,England,2023-09-16,4812
2,1,3,Manchester United,Brighton,MNU,BHA,England,2023-09-16,4812
2,1,3,West Ham,Manchester City,WHU,MNC,England,2023-09-16,4812
1,2,1,Tottenham,Sheffield U,TOT,SHU,England,2023-09-16,4812
1,3,1,Aston Villa,Crystal Palace,AST,PAL,England,2023-09-16,4812
1,1,0,Fulham,Luton,FUL,LUT,England,2023-09-16,4812
1,2,1,Blackburn,Middlesbrough,BLA,MID,England,2023-09-16,4812
X,0,0,Bristol City,West Bromwich,BRC,WBA,England,2023-09-16,4812
1,1,0,Norwich,Stoke,NOR,STO,England,2023-09-16,4812
1,2,1,Preston,Plymouth,PRE,PA,England,2023-09-16,4812
2,1,3,Queens Park Rangers,Sunderland,QPR,SUN,England,2023-09-16,4812
2,0,1,Sheffield W,Ipswich,SHW,IPS,England,2023-09-16,4812
1,2,0,Watford,Birmingham,WAT,BIR,England,2023-09-16,4812
2,0,1,Burnley,Manchester United,BUR,MNU,England,2023-09-23,4813
2,1,3,Brentford,Everton,BRE,EVE,England,2023-09-23,4813
X,0,0,Crystal Palace,Fulham,PAL,FUL,England,2023-09-23,4813
X,1,1,Luton,Wolverhampton,LUT,WOL,England,2023-09-23,4813
1,4,3,Ipswich,Blackburn,IPS,BLA,England,2023-09-23,4813
1,3,0,Leeds,Watford,LU,WAT,England,2023-09-23,4813
1,1,0,Leicester,Bristol City,LEI,BRC,England,2023-09-23,4813
1,2,1,Middlesbrough,Southampton,MID,SOU,England,2023-09-23,4813
1,6,2,Plymouth,Norwich,PA,NOR,England,2023-09-23,4813
X,1,1,Rotherham,Preston,ROT,PRE,England,2023-09-23,4813
1,3,0,Swansea,Sheffield W,SWA,SHW,England,2023-09-23,4813
X,0,0,West Bromwich,Millwall,WBA,MIL,England,2023-09-23,4813
X,2,2,Brommapojkarna,IFK Norrköping,BRO,NKP,Sverige,2023-09-23,4813
1,2,1,Tottenham,Liverpool,TOT,LFC,England,2023-09-30,4814
2,0,4,Bournemouth,Arsenal,BRN,ARS,England,2023-09-30,4814
2,0,1,Manchester United,Crystal Palace,MNU,PAL,England,2023-09-30,4814
2,1,2,Everton,Luton,EVE,LUT,England,2023-09-30,4814
1,2,0,Newcastle,Burnley,NEW,BUR,England,2023-09-30,4814
1,2,1,Wolverhampton,Manchester City,WOL,MNC,England,2023-09-30,4814
1,2,0,West Ham,Sheffield U,WHU,SHU,England,2023-09-30,4814
X,1,1,Huddersfield,Ipswich,HUD,IPS,England,2023-09-30,4814
2,0,3,Millwall,Swansea,MIL,SWA,England,2023-09-30,4814
1,2,0,Norwich,Birmingham,NOR,BIR,England,2023-09-30,4814
2,0,4,Preston,West Bromwich,PRE,WBA,England,2023-09-30,4814
2,1,3,Queens Park Rangers,Coventry,QPR,COC,England,2023-09-30,4814
2,2,3,Watford,Middlesbrough,WAT,MID,England,2023-09-30,4814
X,0,0,Crystal Palace,Nottingham,PAL,NOF,England,2023-10-07,4815
2,1,4,Burnley,Chelsea,BUR,CHE,England,2023-10-07,4815
1,2,1,Manchester United,Brentford,MNU,BRE,England,2023-10-07,4815
1,3,0,Everton,Bournemouth,EVE,BRN,England,2023-10-07,4815
1,3,1,Fulham,Sheffield U,FUL,SHU,England,2023-10-07,4815
X,1,1,Cardiff,Watford,CAR,WAT,England,2023-10-07,4815
X,1,1,Coventry,Norwich,COC,NOR,England,2023-10-07,4815
1,4,2,Ipswich,Preston,IPS,PRE,England,2023-10-07,4815
1,2,1,Leeds,Bristol City,LU,BRC,England,2023-10-07,4815
X,2,2,Millwall,Hull,MIL,HUL,England,2023-10-07,4815
2,1,3,Plymouth,Swansea,PA,SWA,England,2023-10-07,4815
2,0,4,Queens Park Rangers,Blackburn,QPR,BLA,England,2023-10-07,4815
X,0,0,Sheffield W,Huddersfield,SHW,HUD,England,2023-10-07,4815
1,2,1,Ungern,Serbien,HUN,SRB,"Ungern, Serbien",2023-10-14,4816
1,3,0,Slovenien,Finland,SLO,FIN,"Slovenien, Finland",2023-10-14,4816
2,0,2,Bulgarien,Litauen,BUL,LTU,"Bulgarien, Litauen",2023-10-14,4816
2,1,3,USA,Tyskland,USA,GER,"USA, Tyskland",2023-10-14,4816
1,3,0,Blackpool,Stevenage,BLP,STE,England,2023-10-14,4816
X,1,1,Cambridge,Shrewsbury,CAM,SHR,England,2023-10-14,4816
2,0,1,Carlisle,Leyton Orient,CAR,LEY,England,2023-10-14,4816
2,0,1,Lincoln,Burton,LIC,BUR,England,2023-10-14,4816
1,2,0,Crewe,Tranmere,CRA,TRA,England,2023-10-14,4816
2,1,3,Harrogate,Stockport,HTO,STO,England,2023-10-14,4816
1,4,1,Walsall,Gillingham,WAL,GIL,England,2023-10-14,4816
2,0,1,Wimbledon,Bradford,WIM,BRA,England,2023-10-14,4816
1,3,2,Wrexham,Salford,WRE,SAL,England,2023-10-14,4816
X,2,2,Chelsea,Arsenal,CHE,ARS,England,2023-10-21,4817
2,1,2,Sheffield U,Manchester United,SHU,MNU,England,2023-10-21,4817
1,2,1,Manchester City,Brighton,MNC,BHA,England,2023-10-21,4817
1,4,0,Newcastle,Crystal Palace,NEW,PAL,England,2023-10-21,4817
X,2,2,Nottingham,Luton,NOF,LUT,England,2023-10-21,4817
2,1,2,Bournemouth,Wolverhampton,BRN,WOL,England,2023-10-21,4817
1,3,0,Brentford,Burnley,BRE,BUR,England,2023-10-21,4817
2,2,3,Norwich,Leeds,NOR,LU,England,2023-10-21,4817
1,1,0,Blackburn,Cardiff,BLA,CAR,England,2023-10-21,4817
1,1,0,Bristol City,Coventry,BRC,COC,England,2023-10-21,4817
2,1,2,Hull,Southampton,HUL,SOU,England,2023-10-21,4817
1,1,0,Middlesbrough,Birmingham,MID,BIR,England,2023-10-21,4817
2,1,3,Swansea,Leicester,SWA,LEI,England,2023-10-21,4817
X,2,2,Wolverhampton,Newcastle,WOL,NEW,England,2023-10-28,4818
1,5,0,Arsenal,Sheffield U,ARS,SHU,England,2023-10-28,4818
1,2,1,Bournemouth,Burnley,BRN,BUR,England,2023-10-28,4818
2,1,2,Barcelona,Real Madrid,BAR,RMA,Spanien,2023-10-28,4818
2,0,1,Blackburn,Swansea,BLA,SWA,England,2023-10-28,4818
1,2,0,Cardiff,Bristol City,CAR,BRC,England,2023-10-28,4818
1,1,0,Hull,Preston,HUL,PRE,England,2023-10-28,4818
1,3,2,Ipswich,Plymouth,IPS,PA,England,2023-10-28,4818
2,0,2,Middlesbrough,Stoke,MID,STO,England,2023-10-28,4818
2,1,2,Queens Park Rangers,Leicester,QPR,LEI,England,2023-10-28,4818
1,3,1,Sunderland,Norwich,SUN,NOR,England,2023-10-28,4818
X,2,2,Watford,Millwall,WAT,MIL,England,2023-10-28,4818
2,0,2,Charlton,Bolton,CHA,BOL,England,2023-10-28,4818
1,1,0,Newcastle,Arsenal,NEW,ARS,England,2023-11-04,4819
X,1,1,Everton,Brighton,EVE,BHA,England,2023-11-04,4819
1,6,1,Manchester City,Bournemouth,MNC,BRN,England,2023-11-04,4819
1,3,2,Brentford,West Ham,BRE,WHU,England,2023-11-04,4819
2,0,2,Burnley,Crystal Palace,BUR,PAL,England,2023-11-04,4819
1,2,1,Sheffield U,Wolverhampton,SHU,WOL,England,2023-11-04,4819
X,2,2,Birmingham,Ipswich,BIR,IPS,England,2023-11-04,4819
X,0,0,Huddersfield,Watford,HUD,WAT,England,2023-11-04,4819
2,0,1,Millwall,Southampton,MIL,SOU,England,2023-11-04,4819
X,3,3,Plymouth,Middlesbrough,PA,MID,England,2023-11-04,4819
X,0,0,Stoke,Cardiff,STO,CAR,England,2023-11-04,4819
X,0,0,Swansea,Sunderland,SWA,SUN,England,2023-11-04,4819
1,3,1,West Bromwich,Hull,WBA,HUL,England,2023-11-04,4819
1,2,0,Bournemouth,Newcastle,BRN,NEW,England,2023-11-11,4820
1,3,1,Arsenal,Burnley,ARS,BUR,England,2023-11-11,4820
1,1,0,Manchester United,Luton,MNU,LUT,England,2023-11-11,4820
2,2,3,Crystal Palace,Everton,PAL,EVE,England,2023-11-11,4820
2,2,3,Cardiff,Norwich,CAR,NOR,England,2023-11-11,4820
X,0,0,Coventry,Stoke,COC,STO,England,2023-11-11,4820
1,1,0,Hull,Huddersfield,HUL,HUD,England,2023-11-11,4820
1,3,2,Ipswich,Swansea,IPS,SWA,England,2023-11-11,4820
1,1,0,Middlesbrough,Leicester,MID,LEI,England,2023-11-11,4820
X,0,0,Queens Park Rangers,Bristol City,QPR,BRC,England,2023-11-11,4820
2,0,4,Sheffield W,Millwall,SHW,MIL,England,2023-11-11,4820
1,2,1,Southampton,West Bromwich,SOU,WBA,England,2023-11-11,4820
1,5,0,Watford,Rotherham,WAT,ROT,England,2023-11-11,4820
1,1,0,Nederländerna,Irland,NED,IRL,"Nederländerna, Irland",2023-11-18,4821
2,1,2,Israel,Rumänien,ISR,ROU,"Israel, Rumänien",2023-11-18,4821
X,1,1,Schweiz,Kosovo,SUI,KOS,"Schweiz, Kosovo",2023-11-18,4821
2,2,3,Tyskland,Turkiet,GER,TUR,"Tyskland, Turkiet",2023-11-18,4821
1,4,0,Blackpool,Shrewsbury,BLP,SHR,England,2023-11-18,4821
1,1,0,Stevenage,Lincoln,STE,LIC,England,2023-11-18,4821
1,2,0,Accrington,Wrexham,ACC,WRE,England,2023-11-18,4821
1,1,0,Barrow,Crawley Town,BAR,CRA,England,2023-11-18,4821
X,2,2,Forest Green,Grimsby,FGR,GRI,England,2023-11-18,4821
1,3,1,Gillingham,Salford,GIL,SAL,England,2023-11-18,4821
X,1,1,Harrogate,Swindon,HTO,SWI,England,2023-11-18,4821
1,2,0,Mansfield,Newport,MAT,NC,England,2023-11-18,4821
X,1,1,Sutton,Tranmere,SUT,TRA,England,2023-11-18,4821
2,0,1,Brentford,Arsenal,BRE,ARS,England,2023-11-25,4822
1,4,1,Newcastle,Chelsea,NEW,CHE,England,2023-11-25,4822
2,2,3,Nottingham,Brighton,NOF,BHA,England,2023-11-25,4822
2,1,2,Burnley,West Ham,BUR,WHU,England,2023-11-25,4822
1,2,1,Luton,Crystal Palace,LUT,PAL,England,2023-11-25,4822
2,1,3,Sheffield U,Bournemouth,SHU,BRN,England,2023-11-25,4822
1,3,2,Bristol City,Middlesbrough,BRC,MID,England,2023-11-25,4822
X,1,1,Huddersfield,Southampton,HUD,SOU,England,2023-11-25,4822
2,0,3,Millwall,Coventry,MIL,COC,England,2023-11-25,4822
1,2,0,Plymouth,Sunderland,PA,SUN,England,2023-11-25,4822
2,1,2,Preston,Cardiff,PRE,CAR,England,2023-11-25,4822
2,0,3,Stoke,Blackburn,STO,BLA,England,2023-11-25,4822
X,2,2,Swansea,Hull,SWA,HUL,England,2023-11-25,4822
1,1,0,Newcastle,Manchester United,NEW,MNU,England,2023-12-02,4823
2,0,1,Nottingham,Everton,NOF,EVE,England,2023-12-02,4823
1,2,1,Arsenal,Wolverhampton,ARS,WOL,England,2023-12-02,4823
1,3,1,Brentford,Luton,BRE,LUT,England,2023-12-02,4823
1,5,0,Burnley,Sheffield U,BUR,SHU,England,2023-12-02,4823
2,1,2,Hull,Watford,HUL,WAT,England,2023-12-02,4823
1,2,1,Ipswich,Coventry,IPS,COC,England,2023-12-02,4823
1,3,2,Leeds,Middlesbrough,LU,MID,England,2023-12-02,4823
X,1,1,Millwall,Sunderland,MIL,SUN,England,2023-12-02,4823
1,2,1,Plymouth,Stoke,PA,STO,England,2023-12-02,4823
1,3,1,Sheffield W,Blackburn,SHW,BLA,England,2023-12-02,4823
1,2,0,Southampton,Cardiff,SOU,CAR,England,2023-12-02,4823
X,1,1,Swansea,Huddersfield,SWA,HUD,England,2023-12-02,4823
1,1,0,Aston Villa,Arsenal,AST,ARS,England,2023-12-09,4824
2,0,3,Manchester United,Bournemouth,MNU,BRN,England,2023-12-09,4824
X,1,1,Brighton,Burnley,BHA,BUR,England,2023-12-09,4824
1,1,0,Sheffield U,Brentford,SHU,BRE,England,2023-12-09,4824
X,1,1,Wolverhampton,Nottingham,WOL,NOF,England,2023-12-09,4824
1,1,0,Cardiff,Millwall,CAR,MIL,England,2023-12-09,4824
X,1,1,Huddersfield,Bristol City,HUD,BRC,England,2023-12-09,4824
2,0,2,Middlesbrough,Ipswich,MID,IPS,England,2023-12-09,4824
X,0,0,Norwich,Preston,NOR,PRE,England,2023-12-09,4824
1,2,0,Queens Park Rangers,Hull,QPR,HUL,England,2023-12-09,4824
2,1,2,Rotherham,Swansea,ROT,SWA,England,2023-12-09,4824
2,0,1,Stoke,Sheffield W,STO,SHW,England,2023-12-09,4824
X,1,1,Watford,Southampton,WAT,SOU,England,2023-12-09,4824
2,0,2,Burnley,Everton,BUR,EVE,England,2023-12-16,4825
1,0,0,Bournemouth,Luton,BRN,LUT,England,2023-12-16,4825
1,2,0,Chelsea,Sheffield U,CHE,SHU,England,2023-12-16,4825
X,2,2,Manchester City,Crystal Palace,MNC,PAL,England,2023-12-16,4825
1,3,0,Newcastle,Fulham,NEW,FUL,England,2023-12-16,4825
1,1,0,Bristol City,Sunderland,BRC,SUN,England,2023-12-16,4825
1,3,0,Hull,Cardiff,HUL,CAR,England,2023-12-16,4825
X,1,1,Leeds,Coventry,LU,COC,England,2023-12-16,4825
X,1,1,Millwall,Huddersfield,MIL,HUD,England,2023-12-16,4825
2,1,5,Preston,Watford,PRE,WAT,England,2023-12-16,4825
1,2,1,Sheffield W,Queens Park Rangers,SHW,QPR,England,2023-12-16,4825
1,4,0,Southampton,Blackburn,SOU,BLA,England,2023-12-16,4825
2,1,2,Swansea,Middlesbrough,SWA,MID,England,2023-12-16,4825
X,1,1,Liverpool,Arsenal,LFC,ARS,England,2023-12-23,4826
1,2,1,Tottenham,Everton,TOT,EVE,England,2023-12-23,4826
1,1,0,Luton,Newcastle,LUT,NEW,England,2023-12-23,4826
2,0,2,Fulham,Burnley,FUL,BUR,England,2023-12-23,4826
2,2,3,Nottingham,Bournemouth,NOF,BRN,England,2023-12-23,4826
2,1,2,Blackburn,Watford,BLA,WAT,England,2023-12-23,4826
1,1,0,Middlesbrough,West Bromwich,MID,WBA,England,2023-12-23,4826
1,2,0,Norwich,Huddersfield,NOR,HUD,England,2023-12-23,4826
X,3,3,Plymouth,Birmingham,PA,BIR,England,2023-12-23,4826
2,0,1,Queens Park Rangers,Southampton,QPR,SOU,England,2023-12-23,4826
2,1,2,Sheffield W,Cardiff,SHW,CAR,England,2023-12-23,4826
X,0,0,Stoke,Millwall,STO,MIL,England,2023-12-23,4826
2,0,3,Sunderland,Coventry,SUN,COC,England,2023-12-23,4826
1,3,2,Manchester United,Aston Villa,MNU,AST,England,2023-12-26,4827
2,0,2,Burnley,Liverpool,BUR,LFC,England,2023-12-26,4827
1,3,0,Bournemouth,Fulham,BRN,FUL,England,2023-12-26,4827
2,2,3,Sheffield U,Luton,SHU,LUT,England,2023-12-26,4827
X,1,1,Ipswich,Leicester,IPS,LEI,England,2023-12-26,4827
2,1,3,Birmingham,Stoke,BIR,STO,England,2023-12-26,4827
1,2,0,Coventry,Sheffield W,COC,SHW,England,2023-12-26,4827
1,3,0,Huddersfield,Blackburn,HUD,BLA,England,2023-12-26,4827
2,0,1,Hull,Sunderland,HUL,SUN,England,2023-12-26,4827
1,1,0,Rotherham,Middlesbrough,ROT,MID,England,2023-12-26,4827
1,5,0,Southampton,Swansea,SOU,SWA,England,2023-12-26,4827
2,1,4,Watford,Bristol City,WAT,BRC,England,2023-12-26,4827
1,1,0,West Bromwich,Norwich,WBA,NOR,England,2023-12-26,4827
1,2,1,Nottingham,Manchester United,NOF,MNU,England,2023-12-30,4828
1,3,2,Aston Villa,Burnley,AST,BUR,England,2023-12-30,4828
1,3,1,Crystal Palace,Brentford,PAL,BRE,England,2023-12-30,4828
1,2,0,Manchester City,Sheffield U,MNC,SHU,England,2023-12-30,4828
1,3,0,Wolverhampton,Everton,WOL,EVE,England,2023-12-30,4828
1,2,1,Fulham,Arsenal,FUL,ARS,England,2023-12-30,4828
1,3,1,Tottenham,Bournemouth,TOT,BRN,England,2023-12-30,4828
1,1,0,Juventus,Roma,JUV,ROM,Italien,2023-12-30,4828
1,1,0,Milan,Sassuolo,MIL,SAS,Italien,2023-12-30,4828
2,0,1,Verona,Salernitana,VER,SAL,Italien,2023-12-30,4828
X,2,2,Kilmarnock,Dundee FC,KIL,DUN,Skottland,2023-12-30,4828
2,0,3,Aberdeen,St. Mirren,ABE,MIR,Skottland,2023-12-30,4828
X,2,2,Hearts,Ross County,HOM,ROS,Skottland,2023-12-30,4828
1,4,0,Chelsea,Preston,CHE,PRE,England,2024-01-06,4829
1,5,2,Blackburn,Cambridge,BLA,CAM,England,2024-01-06,4829
2,2,4,Stoke,Brighton,STO,BHA,England,2024-01-06,4829
2,0,1,Middlesbrough,Aston Villa,MID,AST,England,2024-01-06,4829
2,2,3,Queens Park Rangers,Bournemouth,QPR,BRN,England,2024-01-06,4829
X,1,1,Hull,Birmingham,HUL,BIR,England,2024-01-06,4829
1,4,0,Sheffield W,Cardiff,SHW,CAR,England,2024-01-06,4829
X,1,1,Norwich,Bristol Rovers,NOR,BR,England,2024-01-06,4829
1,4,0,Southampton,Walsall,SOU,WAL,England,2024-01-06,4829
1,2,0,Swansea,Morecambe,SWA,MFC,England,2024-01-06,4829
X,1,1,Newport,Eastleigh,NC,EFC,England,2024-01-06,4829
2,0,4,Gillingham,Sheffield U,GIL,SHU,England,2024-01-06,4829
1,2,1,Watford,Chesterfield,WAT,CHE,England,2024-01-06,4829
2,2,3,Newcastle,Manchester City,NEW,MNC,England,2024-01-13,4830
1,2,1,Ipswich,Sunderland,IPS,SUN,England,2024-01-13,4830
X,2,2,Birmingham,Swansea,BIR,SWA,England,2024-01-13,4830
2,0,3,Cardiff,Leeds,CAR,LU,England,2024-01-13,4830
X,1,1,Huddersfield,Plymouth,HUD,PA,England,2024-01-13,4830
2,1,3,Millwall,Middlesbrough,MIL,MID,England,2024-01-13,4830
1,2,0,Preston,Bristol City,PRE,BRC,England,2024-01-13,4830
2,0,1,Rotherham,Stoke,ROT,STO,England,2024-01-13,4830
1,4,0,Southampton,Sheffield W,SOU,SHW,England,2024-01-13,4830
1,4,1,West Bromwich,Blackburn,WBA,BLA,England,2024-01-13,4830
2,1,2,Charlton,Peterborough ,CHA,PET,England,2024-01-13,4830
X,1,1,Northampton,Wigan,NOR,WIG,England,2024-01-13,4830
2,0,1,Shrewsbury,Stevenage,SHR,STE,England,2024-01-13,4830
1,3,2,Brentford,Nottingham,BRE,NOF,England,2024-01-20,4831
X,1,1,Blackburn,Huddersfield,BLA,HUD,England,2024-01-20,4831
X,1,1,Bristol City,Watford,BRC,WAT,England,2024-01-20,4831
X,1,1,Middlesbrough,Rotherham,MID,ROT,England,2024-01-20,4831
1,2,0,Norwich,West Bromwich,NOR,WBA,England,2024-01-20,4831
1,3,1,Plymouth,Cardiff,PA,CAR,England,2024-01-20,4831
1,2,0,Queens Park Rangers,Millwall,QPR,MIL,England,2024-01-20,4831
2,1,2,Sheffield W,Coventry,SHW,COC,England,2024-01-20,4831
2,1,2,Stoke,Birmingham,STO,BIR,England,2024-01-20,4831
2,1,2,Bristol Rovers,Blackpool,BR,BLP,England,2024-01-20,4831
1,1,0,Leyton Orient,Bolton,LEY,BOL,England,2024-01-20,4831
X,0,0,Lincoln,Derby,LIC,DER,England,2024-01-20,4831
1,0,0,Stevenage,Barnsley,STE,BAR,England,2024-01-20,4831
2,0,2,Fulham,Newcastle,FUL,NEW,England,2024-01-27,4832
2,1,2,Everton,Luton,EVE,LUT,England,2024-01-27,4832
X,1,1,Leeds,Plymouth,LU,PA,England,2024-01-27,4832
1,3,0,Leicester,Birmingham,LEI,BIR,England,2024-01-27,4832
2,2,5,Sheffield U,Brighton,SHU,BHA,England,2024-01-27,4832
X,1,1,Millwall,Preston,MIL,PRE,England,2024-01-27,4832
1,3,1,Sunderland,Stoke,SUN,STO,England,2024-01-27,4832
X,1,1,Blackpool,Charlton,BLP,CHA,England,2024-01-27,4832
1,3,1,Bristol Rovers,Oxford,BR,OXU,England,2024-01-27,4832
X,0,0,Cambridge,Burton,CAM,BUR,England,2024-01-27,4832
X,0,0,Lincoln,Peterborough ,LIC,PET,England,2024-01-27,4832
X,1,1,Reading,Leyton Orient,REA,LEY,England,2024-01-27,4832
2,2,3,Wigan,Stevenage,WIG,STE,England,2024-01-27,4832
2,0,5,Sheffield U,Aston Villa,SHU,AST,England,2024-02-03,4833
1,4,1,Brighton,Crystal Palace,BHA,PAL,England,2024-02-03,4833
X,2,2,Burnley,Fulham,BUR,FUL,England,2024-02-03,4833
X,4,4,Newcastle,Luton,NEW,LUT,England,2024-02-03,4833
2,1,2,Blackburn,Queens Park Rangers,BLA,QPR,England,2024-02-03,4833
1,4,0,Huddersfield,Sheffield W,HUD,SHW,England,2024-02-03,4833
1,1,0,Hull,Millwall,HUL,MIL,England,2024-02-03,4833
1,2,1,Norwich,Coventry,NOR,COC,England,2024-02-03,4833
1,3,2,Preston,Ipswich,PRE,IPS,England,2024-02-03,4833
2,0,2,Rotherham,Southampton,ROT,SOU,England,2024-02-03,4833
2,0,5,Stoke,Leicester,STO,LEI,England,2024-02-03,4833
2,0,1,Swansea,Plymouth,SWA,PA,England,2024-02-03,4833
2,0,1,Watford,Cardiff,WAT,CAR,England,2024-02-03,4833
2,2,3,Nottingham,Newcastle,NOF,NEW,England,2024-02-10,4834
1,3,1,Liverpool,Burnley,LFC,BUR,England,2024-02-10,4834
1,2,1,Tottenham,Brighton,TOT,BHA,England,2024-02-10,4834
1,3,1,Fulham,Bournemouth,FUL,BRN,England,2024-02-10,4834
2,1,3,Luton,Sheffield U,LUT,SHU,England,2024-02-10,4834
2,0,2,Wolverhampton,Brentford,WOL,BRE,England,2024-02-10,4834
1,3,1,Blackburn,Stoke,BLA,STO,England,2024-02-10,4834
2,0,2,Cardiff,Preston,CAR,PRE,England,2024-02-10,4834
2,0,1,Hull,Swansea,HUL,SWA,England,2024-02-10,4834
2,1,2,Middlesbrough,Bristol City,MID,BRC,England,2024-02-10,4834
X,2,2,Queens Park Rangers,Norwich,QPR,NOR,England,2024-02-10,4834
1,3,1,Sunderland,Plymouth,SUN,PA,England,2024-02-10,4834
2,1,2,Watford,Leicester,WAT,LEI,England,2024-02-10,4834
X,1,1,Manchester City,Chelsea,MNC,CHE,England,2024-02-17,4835
2,0,5,Burnley,Arsenal,BUR,ARS,England,2024-02-17,4835
2,1,2,Tottenham,Wolverhampton,TOT,WOL,England,2024-02-17,4835
2,1,2,Fulham,Aston Villa,FUL,AST,England,2024-02-17,4835
X,2,2,Newcastle,Bournemouth,NEW,BRN,England,2024-02-17,4835
1,2,0,Nottingham,West Ham,NOF,WHU,England,2024-02-17,4835
1,2,1,Birmingham,Sunderland,BIR,SUN,England,2024-02-17,4835
2,0,1,Bristol City,Queens Park Rangers,BRC,QPR,England,2024-02-17,4835
2,1,2,Huddersfield,Hull,HUD,HUL,England,2024-02-17,4835
1,4,1,Norwich,Cardiff,NOR,CAR,England,2024-02-17,4835
X,2,2,Preston,Blackburn,PRE,BLA,England,2024-02-17,4835
2,0,1,Stoke,Coventry,STO,COC,England,2024-02-17,4835
2,1,2,Swansea,Ipswich,SWA,IPS,England,2024-02-17,4835
1,4,1,Arsenal,Newcastle,ARS,NEW,England,2024-02-24,4836
2,0,1,Bournemouth,Manchester City,BRN,MNC,England,2024-02-24,4836
X,1,1,Brighton,Everton,BHA,EVE,England,2024-02-24,4836
2,1,2,Manchester United,Fulham,MNU,FUL,England,2024-02-24,4836
1,4,2,Aston Villa,Nottingham,AST,NOF,England,2024-02-24,4836
1,3,0,Crystal Palace,Burnley,PAL,BUR,England,2024-02-24,4836
X,1,1,Blackburn,Norwich,BLA,NOR,England,2024-02-24,4836
1,2,1,Cardiff,Stoke,CAR,STO,England,2024-02-24,4836
2,0,2,Middlesbrough,Plymouth,MID,PA,England,2024-02-24,4836
1,2,1,Queens Park Rangers,Rotherham,QPR,ROT,England,2024-02-24,4836
1,2,1,Sheffield W,Bristol City,SHW,BRC,England,2024-02-24,4836
2,1,2,Sunderland,Swansea,SUN,SWA,England,2024-02-24,4836
2,1,2,Watford,Huddersfield,WAT,HUD,England,2024-02-24,4836
2,2,3,Luton,Aston Villa,LUT,AST,England,2024-03-02,4837
X,2,2,Brentford,Chelsea,BRE,CHE,England,2024-03-02,4837
1,3,1,Tottenham,Crystal Palace,TOT,PAL,England,2024-03-02,4837
2,0,1,Nottingham,Liverpool,NOF,LFC,England,2024-03-02,4837
1,3,0,Newcastle,Wolverhampton,NEW,WOL,England,2024-03-02,4837
2,1,3,Everton,West Ham,EVE,WHU,England,2024-03-02,4837
1,3,0,Fulham,Brighton,FUL,BHA,England,2024-03-02,4837
2,3,4,Birmingham,Southampton,BIR,SOU,England,2024-03-02,4837
1,1,0,Millwall,Watford,MIL,WAT,England,2024-03-02,4837
1,1,0,Norwich,Sunderland,NOR,SUN,England,2024-03-02,4837
X,0,0,Preston,Hull,PRE,HUL,England,2024-03-02,4837
1,2,0,Stoke,Middlesbrough,STO,MID,England,2024-03-02,4837
1,2,1,Swansea,Blackburn,SWA,BLA,England,2024-03-02,4837
1,2,1,Arsenal,Brentford,ARS,BRE,England,2024-03-09,4838
1,2,1,Wolverhampton,Fulham,WOL,FUL,England,2024-03-09,4838
X,2,2,Bournemouth,Sheffield U,BRN,SHU,England,2024-03-09,4838
X,1,1,Crystal Palace,Luton,PAL,LUT,England,2024-03-09,4838
X,1,1,Blackburn,Plymouth,BLA,PA,England,2024-03-09,4838
X,2,2,Hull,Leicester,HUL,LEI,England,2024-03-09,4838
1,1,0,Millwall,Birmingham,MIL,BIR,England,2024-03-09,4838
1,5,0,Norwich,Rotherham,NOR,ROT,England,2024-03-09,4838
2,1,2,Preston,Stoke,PRE,STO,England,2024-03-09,4838
2,0,2,Queens Park Rangers,Middlesbrough,QPR,MID,England,2024-03-09,4838
1,4,2,Southampton,Sunderland,SOU,SUN,England,2024-03-09,4838
2,1,2,Watford,Coventry,WAT,COC,England,2024-03-09,4838
X,0,0,Blackpool,Portsmouth,BLP,POR,England,2024-03-09,4838
1,2,0,Manchester City,Newcastle,MNC,NEW,England,2024-03-16,4839
1,3,0,Fulham,Tottenham,FUL,TOT,England,2024-03-16,4839
1,2,1,Burnley,Brentford,BUR,BRE,England,2024-03-16,4839
X,1,1,Luton,Nottingham,LUT,NOF,England,2024-03-16,4839
2,0,1,Birmingham,Watford,BIR,WAT,England,2024-03-16,4839
1,6,0,Ipswich,Sheffield W,IPS,SHW,England,2024-03-16,4839
X,0,0,Middlesbrough,Blackburn,MID,BLA,England,2024-03-16,4839
2,0,1,Plymouth,Preston,PA,PRE,England,2024-03-16,4839
X,0,0,Rotherham,Huddersfield,ROT,HUD,England,2024-03-16,4839
2,0,3,Stoke,Norwich,STO,NOR,England,2024-03-16,4839
X,0,0,Sunderland,Queens Park Rangers,SUN,QPR,England,2024-03-16,4839
1,2,0,West Bromwich,Bristol City,WBA,BRC,England,2024-03-16,4839
1,1,0,Derby,Bolton,DER,BOL,England,2024-03-16,4839
2,0,1,England,Brasilien,ENG,BRA,"England, Brasilien",2024-03-23,4840
2,0,2,Frankrike,Tyskland,FRA,GER,"Frankrike, Tyskland",2024-03-23,4840
X,0,0,Irland,Belgien,IRL,BEL,"Irland, Belgien",2024-03-23,4840
X,0,0,Danmark,Schweiz,DEN,SUI,"Danmark, Schweiz",2024-03-23,4840
2,0,2,Slovakien,Österrike,SVK,AUT,"Slovakien, Österrike",2024-03-23,4840
2,0,1,Burton,Port Vale,BUR,PVA,England,2024-03-23,4840
X,2,2,Carlisle,Stevenage,CAR,STE,England,2024-03-23,4840
1,1,0,Northampton,Derby,NOR,DER,England,2024-03-23,4840
1,1,0,Barrow,Newport,BAR,NC,England,2024-03-23,4840
X,1,1,Crewe,Wimbledon,CRA,WIM,England,2024-03-23,4840
2,2,3,Morecambe,Gillingham,MFC,GIL,England,2024-03-23,4840
1,5,0,Stockport,Milton Keynes Dons,STO,MKD,England,2024-03-23,4840
2,1,3,Tranmere,Crawley Town,TRA,CRA,England,2024-03-23,4840
X,1,1,Brentford,Manchester United,BRE,MNU,England,2024-03-30,4841
1,2,0,Aston Villa,Wolverhampton,AST,WOL,England,2024-03-30,4841
X,2,2,Chelsea,Burnley,CHE,BUR,England,2024-03-30,4841
1,2,1,Tottenham,Luton,TOT,LUT,England,2024-03-30,4841
X,1,1,Nottingham,Crystal Palace,NOF,PAL,England,2024-03-30,4841
1,2,1,Bournemouth,Everton,BRN,EVE,England,2024-03-30,4841
X,3,3,Sheffield U,Fulham,SHU,FUL,England,2024-03-30,4841
1,1,0,Lazio,Juventus,LAZ,JUV,Italien,2024-03-30,4841
2,1,2,Fiorentina,Milan,FIO,MIL,Italien,2024-03-30,4841
X,0,0,Valencia,Mallorca,VAL,MAL,Spanien,2024-03-30,4841
2,0,2,Bayern München,Dortmund,BMÜ,BVB,Tyskland,2024-03-30,4841
X,1,1,Lyon,Reims,LYO,SDR,Frankrike,2024-03-30,4841
2,2,5,Metz,Monaco,MET,ASM,Frankrike,2024-03-30,4841
2,0,3,Brighton,Arsenal,BHA,ARS,England,2024-04-06,4842
X,3,3,Aston Villa,Brentford,AST,BRE,England,2024-04-06,4842
2,0,1,Fulham,Newcastle,FUL,NEW,England,2024-04-06,4842
2,1,2,Wolverhampton,West Ham,WOL,WHU,England,2024-04-06,4842
1,1,0,Everton,Burnley,EVE,BUR,England,2024-04-06,4842
1,2,1,Luton,Bournemouth,LUT,BRN,England,2024-04-06,4842
X,0,0,Blackburn,Southampton,BLA,SOU,England,2024-04-06,4842
2,1,3,Cardiff,Hull,CAR,HUL,England,2024-04-06,4842
1,2,1,Coventry,Leeds,COC,LU,England,2024-04-06,4842
1,1,0,Huddersfield,Millwall,HUD,MIL,England,2024-04-06,4842
2,0,2,Queens Park Rangers,Sheffield W,QPR,SHW,England,2024-04-06,4842
X,0,0,Sunderland,Bristol City,SUN,BRC,England,2024-04-06,4842
X,0,0,Watford,Preston,WAT,PRE,England,2024-04-06,4842
X,2,2,Bournemouth,Manchester United,BRN,MNU,England,2024-04-13,4843
1,2,0,Brentford,Sheffield U,BRE,SHU,England,2024-04-13,4843
X,1,1,Burnley,Brighton,BUR,BHA,England,2024-04-13,4843
X,2,2,Nottingham,Wolverhampton,NOF,WOL,England,2024-04-13,4843
1,3,0,Birmingham,Coventry,BIR,COC,England,2024-04-13,4843
X,1,1,Bristol City,Huddersfield,BRC,HUD,England,2024-04-13,4843
1,3,0,Hull,Queens Park Rangers,HUL,QPR,England,2024-04-13,4843
X,1,1,Ipswich,Middlesbrough,IPS,MID,England,2024-04-13,4843
1,3,1,Millwall,Cardiff,MIL,CAR,England,2024-04-13,4843
2,0,1,Preston,Norwich,PRE,NOR,England,2024-04-13,4843
X,1,1,Sheffield W,Stoke,SHW,STO,England,2024-04-13,4843
1,3,2,Southampton,Watford,SOU,WAT,England,2024-04-13,4843
2,0,1,West Bromwich,Sunderland,WBA,SUN,England,2024-04-13,4843
1,1,0,Manchester City,Chelsea,MNC,CHE,England,2024-04-20,4844
2,0,2,Wolverhampton,Arsenal,WOL,ARS,England,2024-04-20,4844
2,1,5,Luton,Brentford,LUT,BRE,England,2024-04-20,4844
2,1,4,Sheffield U,Burnley,SHU,BUR,England,2024-04-20,4844
1,2,1,Cardiff,Southampton,CAR,SOU,England,2024-04-20,4844
2,0,4,Huddersfield,Swansea,HUD,SWA,England,2024-04-20,4844
X,1,1,Norwich,Bristol City,NOR,BRC,England,2024-04-20,4844
1,1,0,Queens Park Rangers,Preston,QPR,PRE,England,2024-04-20,4844
X,0,0,Rotherham,Birmingham,ROT,BIR,England,2024-04-20,4844
1,3,0,Stoke,Plymouth,STO,PA,England,2024-04-20,4844
2,0,1,Sunderland,Millwall,SUN,MIL,England,2024-04-20,4844
X,0,0,Watford,Hull,WAT,HUL,England,2024-04-20,4844
1,1,0,Malmö,Västerås,MAL,VSK,Sverige,2024-04-20,4844
X,2,2,Aston Villa,Chelsea,AST,CHE,England,2024-04-27,4845
X,1,1,Manchester United,Burnley,MNU,BUR,England,2024-04-27,4845
X,1,1,Fulham,Crystal Palace,FUL,PAL,England,2024-04-27,4845
1,1,0,Everton,Brentford,EVE,BRE,England,2024-04-27,4845
1,5,1,Newcastle,Sheffield U,NEW,SHU,England,2024-04-27,4845
1,2,1,Wolverhampton,Luton,WOL,LUT,England,2024-04-27,4845
X,3,3,Hull,Ipswich,HUL,IPS,England,2024-04-27,4845
X,0,0,Blackburn,Coventry,BLA,COC,England,2024-04-27,4845
2,1,4,Cardiff,Middlesbrough,CAR,MID,England,2024-04-27,4845
X,1,1,Huddersfield,Birmingham,HUD,BIR,England,2024-04-27,4845
1,1,0,Millwall,Plymouth,MIL,PA,England,2024-04-27,4845
1,3,0,Sheffield W,West Bromwich,SHW,WBA,England,2024-04-27,4845
1,1,0,Watford,Sunderland,WAT,SUN,England,2024-04-27,4845
1,5,1,Manchester City,Wolverhampton,MNC,WOL,England,2024-05-04,4846
X,0,0,Brentford,Fulham,BRE,FUL,England,2024-05-04,4846
2,1,4,Burnley,Newcastle,BUR,NEW,England,2024-05-04,4846
2,1,3,Sheffield U,Nottingham,SHU,NOF,England,2024-05-04,4846
1,1,0,Oxford,Peterborough ,OXU,PET,England,2024-05-04,4846
2,0,3,Sirius,Häcken,SIR,HAC,Sverige,2024-05-04,4846
X,2,2,Monza,Lazio,MON,LAZ,Italien,2024-05-04,4846
1,4,2,Girona,Barcelona,GIR,BAR,Spanien,2024-05-04,4846
2,0,1,Mallorca,Atlético Madrid,MAL,ATM,Spanien,2024-05-04,4846
2,2,3,Metz,Rennes,MET,REN,Frankrike,2024-05-04,4846
X,0,0,Brest,Nantes,BRE,NAN,Frankrike,2024-05-04,4846
X,0,0,Köln,Freiburg,KÖL,SCF,Tyskland,2024-05-04,4846
1,3,0,Brann,Rosenborg,BRA,RBK,Norge,2024-05-04,4846
2,2,3,Nottingham,Chelsea,NOF,CHE,England,2024-05-11,4847
X,1,1,Newcastle,Brighton,NEW,BHA,England,2024-05-11,4847
1,2,1,Tottenham,Burnley,TOT,BUR,England,2024-05-11,4847
1,3,1,West Ham,Luton,WHU,LUT,England,2024-05-11,4847
2,1,3,Wolverhampton,Crystal Palace,WOL,PAL,England,2024-05-11,4847
2,1,2,Bournemouth,Brentford,BRN,BRE,England,2024-05-11,4847
1,1,0,Everton,Sheffield U,EVE,SHU,England,2024-05-11,4847
1,2,0,GAIS,Västerås,GAIS,VSK,Sverige,2024-05-11,4847
2,1,5,Milton Keynes Dons,Crawley Town,MKD,CRA,England,2024-05-11,4847
2,0,2,Napoli,Bologna,NAP,BFC,Italien,2024-05-11,4847
1,3,2,Villarreal,Sevilla,VIL,SEV,Spanien,2024-05-11,4847
1,3,0,Mainz,Dortmund,M05,BVB,Tyskland,2024-05-11,4847
X,2,2,Molde,Rosenborg,MFK,RBK,Norge,2024-05-11,4847
1,2,1,Arsenal,Everton,ARS,EVE,England,2024-05-19,4848
1,3,1,Manchester City,West Ham,MNC,WHU,England,2024-05-19,4848
1,2,0,Liverpool,Wolverhampton,LFC,WOL,England,2024-05-19,4848
2,2,4,Brentford,Newcastle,BRE,NEW,England,2024-05-19,4848
2,0,2,Brighton,Manchester United,BHA,MNU,England,2024-05-19,4848
1,2,1,Chelsea,Bournemouth,CHE,BRN,England,2024-05-19,4848
2,0,3,Sheffield U,Tottenham,SHU,TOT,England,2024-05-19,4848
1,5,0,Crystal Palace,Aston Villa,PAL,AST,England,2024-05-19,4848
2,2,4,Luton,Fulham,LUT,FUL,England,2024-05-19,4848
2,1,2,Burnley,Nottingham,BUR,NOF,England,2024-05-19,4848
X,1,1,Inter,Lazio,INT,LAZ,Italien,2024-05-19,4848
2,0,2,Real Betis,Real Sociedad,RBB,SOC,Spanien,2024-05-19,4848
X,2,2,Lille,Nice,LIL,NIC,Frankrike,2024-05-19,4848
2,1,2,Manchester City,Manchester United,MNC,MNU,England,2024-05-25,4849
1,1,0,Celtic,Rangers,CEL,RAN,Skottland,2024-05-25,4849
2,0,1,Kaiserslautern,Bayer Leverkusen,FCK,LEV,Tyskland,2024-05-25,4849
2,1,2,Lyon,Paris Saint-Germain,LYO,PSG,Frankrike,2024-05-25,4849
1,3,0,GAIS,Häcken,GAIS,HAC,Sverige,2024-05-25,4849
2,1,3,Mjällby,Djurgården,MJÄ,DIF,Sverige,2024-05-25,4849
1,1,0,Falkenberg,Oskarshamn,FFF,OSK,Sverige,2024-05-25,4849
1,2,0,Barcelona,Lyon,BAR,OL,"Spanien, Frankrike",2024-05-25,4849
X,0,0,Fredrikstad FK,Tromsö,FFK,TIL,Norge,2024-05-25,4849
X,1,1,HJK Helsingfors,Ilves,HJK,ILV,Finland,2024-05-25,4849
1,1,0,Panathinaikos,Aris,PAN,ARI,Grekland,2024-05-25,4849
1,4,1,Cremonese,Catanzaro,CRE,USC,Italien,2024-05-25,4849
2,1,2,Portimonense,Avs Futebol Sad,POR,AVS,Portugal,2024-05-25,4849
2,0,2,Dortmund,Real Madrid,BVB,RMA,"Tyskland, Spanien",2024-06-01,4850
1,4,0,Halmstad,GAIS,HBK,GAIS,Sverige,2024-06-01,4850
1,5,1,Sirius,IFK Norrköping,SIR,NKP,Sverige,2024-06-01,4850
1,2,0,Landskrona,Trelleborg,LKB,TRE,Sverige,2024-06-01,4850
2,0,4,Friska Viljor,Stockholm Internazionale,FVI,STO,Sverige,2024-06-01,4850
X,2,2,AFC Malmö,Olympic,ARI,OLY,Sverige,2024-06-01,4850
1,2,0,Lund,Jönköpings Södra,LBK,JÖN,Sverige,2024-06-01,4850
2,2,3,Oskarshamn,Eskilsminne,OSK,ESK,Sverige,2024-06-01,4850
X,1,1,Rosengård,Norrby,ROS,NOR,Sverige,2024-06-01,4850
1,3,0,Ängelholms FF,Onsala,ÄNG,ONS,Sverige,2024-06-01,4850
2,1,2,Ham-Kam,Brann,HAM,BRA,Norge,2024-06-01,4850
1,3,1,Kongsvinger,Bryne,KIL,BRY,Norge,2024-06-01,4850
2,2,3,Akureyrar,Akranes,KAA,AKR,Island,2024-06-01,4850
2,0,3,Sverige,Serbien,SVE,SRB,"Sverige, Serbien",2024-06-08,4851
1,3,1,Danmark,Norge,DEN,NOR,"Danmark, Norge",2024-06-08,4851
2,1,2,Portugal,Kroatien,POR,CRO,"Portugal, Kroatien",2024-06-08,4851
1,5,1,Spanien,Nordirland,ESP,NIR,"Spanien, Nordirland",2024-06-08,4851
X,1,1,Schweiz,Österrike,SUI,AUT,"Schweiz, Österrike",2024-06-08,4851
1,3,0,Ungern,Israel,HUN,ISR,"Ungern, Israel",2024-06-08,4851
2,1,5,USA,Colombia,USA,COL,"USA, Colombia",2024-06-08,4851
2,2,3,Mexiko,Brasilien,MEX,BRA,"Mexiko, Brasilien",2024-06-08,4851
X,0,0,Real Oviedo,Eibar,OVI,EIB,Spanien,2024-06-08,4851
1,2,1,Friska Viljor,Piteå,FVI,PIT,Sverige,2024-06-08,4851
1,3,0,Eskilsminne,Norrby,ESK,NOR,Sverige,2024-06-08,4851
1,1,0,Falkenberg,Rosengård,FFF,ROS,Sverige,2024-06-08,4851
1,1,0,Onsala,Lund,ONS,LBK,Sverige,2024-06-08,4851
1,3,0,Spanien,Kroatien,ESP,CRO,"Spanien, Kroatien",2024-06-15,4852
1,2,1,Italien,Albanien,ITA,ALB,"Italien, Albanien",2024-06-15,4852
X,1,1,Hammarby TFF,Vasalund,HAM,VAS,Sverige,2024-06-15,4852
X,1,1,Karlberg,Stocksund,KAR,STO,Sverige,2024-06-15,4852
1,2,1,Lund,Torslanda,LBK,TOR,Sverige,2024-06-15,4852
1,6,0,Norrby,Oskarshamn,NOR,OSK,Sverige,2024-06-15,4852
X,1,1,Rosengård,Trollhättan,ROS,FCT,Sverige,2024-06-15,4852
X,0,0,Ängelholms FF,Tvååker,ÄNG,TVÅ,Sverige,2024-06-15,4852
1,3,2,Gauthiod,Stenungsund,IKG,STE,Sverige,2024-06-15,4852
X,2,2,Qviding,Västra Frölunda,QVI,VÄF,Sverige,2024-06-15,4852
1,3,0,Colombia,Bolivia,COL,BOL,"Colombia, Bolivia",2024-06-15,4852
1,2,1,Bragantino,Juventude,BRA,JUV,Brasilien,2024-06-15,4852
2,1,2,Fluminense,Goianiense,FLU,GOI,Brasilien,2024-06-15,4852
X,1,1,Schweiz,Tyskland,SUI,GER,"Schweiz, Tyskland",2024-06-23,4853
2,0,1,Skottland,Ungern,SCO,HUN,"Skottland, Ungern",2024-06-23,4853
1,2,0,Espanyol,Real Oviedo,ESP,OVI,Spanien,2024-06-23,4853
2,0,2,Skövde AIK,Sandviken,SKÖ,SAN,Sverige,2024-06-23,4853
1,4,3,Varberg,Gefle,VBG,GEF,Sverige,2024-06-23,4853
1,3,1,Kristianstad,Linköping,KRI,LIN,Sverige,2024-06-23,4853
2,0,1,Ljungskile,Olympic,LSK,OLY,Sverige,2024-06-23,4853
2,0,2,Oskarshamn,Rosengård,OSK,ROS,Sverige,2024-06-23,4853
2,2,3,Stenungsund,IK Kongahälla,STE,IKK,Sverige,2024-06-23,4853
1,3,1,Uruguay,Panama,URU,PAN,"Uruguay, Panama",2024-06-23,4853
1,2,0,USA,Bolivia,USA,BOL,"USA, Bolivia",2024-06-23,4853
1,4,1,Bahia,Cruzeiro,BAH,CRU,Brasilien,2024-06-23,4853
2,0,1,Fluminense,Flamengo,FLU,FLA,Brasilien,2024-06-23,4853
1,2,0,Schweiz,Italien,SUI,ITA,"Schweiz, Italien",2024-06-29,4854
1,2,0,Tyskland,Danmark,GER,DEN,"Tyskland, Danmark",2024-06-29,4854
1,2,0,Argentina,Peru,ARG,PER,"Argentina, Peru",2024-06-29,4854
X,0,0,Kanada,Chile,CAN,CHI,"Kanada, Chile",2024-06-29,4854
X,1,1,Örebro Syrianska,Hammarby TFF,ÖSY,HAM,Sverige,2024-06-29,4854
1,1,0,Jönköpings Södra,AFC Malmö,JÖN,ARI,Sverige,2024-06-29,4854
2,1,4,Olympic,Oskarshamn,OLY,OSK,Sverige,2024-06-29,4854
2,0,1,Tvååker,Falkenberg,TVÅ,FFF,Sverige,2024-06-29,4854
X,2,2,Ängelholms FF,Eskilsminne,ÄNG,ESK,Sverige,2024-06-29,4854
X,3,3,Laholm,Västra Frölunda,LAH,VÄF,Sverige,2024-06-29,4854
X,1,1,Berga,Simrishamn,BER,IFK,Sverige,2024-06-29,4854
1,2,0,Kristianstad,IFK Hässleholm,KRI,IFK,Sverige,2024-06-29,4854
X,2,2,Lahti,Ilves,LAH,ILV,Finland,2024-06-29,4854
X,1,1,England,Schweiz,ENG,SUI,"England, Schweiz",2024-07-06,4855
1,2,1,Nederländerna,Turkiet,NED,TUR,"Nederländerna, Turkiet",2024-07-06,4855
1,5,0,Colombia,Panama,COL,PAN,"Colombia, Panama",2024-07-06,4855
X,0,0,Uruguay,Brasilien,URU,BRA,"Uruguay, Brasilien",2024-07-06,4855
1,8,0,Akranes,Kopavogur,AKR,KOP,Island,2024-07-06,4855
X,1,1,KR Reykjavik,Stjarnan,KR,STJ,Island,2024-07-06,4855
X,1,1,Flamengo,Cuiaba Esporte,FLA,CUI,Brasilien,2024-07-06,4855
1,2,0,Sao Paulo,Bragantino,SPA,BRA,Brasilien,2024-07-06,4855
1,6,1,Cincinnati,Inter Miami,CIN,MIA,USA,2024-07-06,4855
1,4,0,Columbus Crew,Toronto FC,CLB,TOR,USA,2024-07-06,4855
X,1,1,CF Montreal,Vancouver Whitecaps,MON,VAN,USA,2024-07-06,4855
1,5,0,Orlando City,DC United,ORL,DC,USA,2024-07-06,4855
X,0,0,Philadelphia Union,New York Red Bulls,PHI,NYRB,USA,2024-07-06,4855
1,3,1,Sirius,GAIS,SIR,GAIS,Sverige,2024-07-13,4856
X,1,1,Brann,Haugesund,BRA,HAU,Norge,2024-07-13,4856
X,0,0,Fredrikstad FK,Molde,FFK,MFK,Norge,2024-07-13,4856
1,3,1,Lilleström,Strömsgodset,LSK,STG,Norge,2024-07-13,4856
2,1,2,Odds,Ham-Kam,ODD,HAM,Norge,2024-07-13,4856
1,2,1,Sandefjord,Bodö/Glimt,SAN,B/G,Norge,2024-07-13,4856
2,1,2,Tromsö,KFUM Oslo,TIL,KFU,Norge,2024-07-13,4856
1,2,0,Viking,Kristiansund,VIK,KRI,Norge,2024-07-13,4856
2,1,2,Bahia,Cuiaba Esporte,BAH,CUI,Brasilien,2024-07-13,4856
1,2,1,Cruzeiro,Bragantino,CRU,BRA,Brasilien,2024-07-13,4856
2,0,1,Austin FC,Seattle Sounders,ATX,SEA,USA,2024-07-13,4856
X,1,1,Houston Dynamo,Minnesota United,HOU,MIN,USA,2024-07-13,4856
1,1,0,CF Montreal,Atlanta United FC,MON,ATL,USA,2024-07-13,4856
2,0,2,Brommapojkarna,Hammarby,BRO,HAM,Sverige,2024-07-20,4857
X,0,0,Örebro,Örgryte,ÖRE,ÖRG,Sverige,2024-07-20,4857
2,2,3,Molde,KFUM Oslo,MFK,KFU,Norge,2024-07-20,4857
X,1,1,Sarpsborg,Brann,SAR,BRA,Norge,2024-07-20,4857
2,1,2,Club Brügge,Royale Union SG,BRÜ,USG,Belgien,2024-07-20,4857
1,2,0,HJK Helsingfors,Haka,HJK,HAK,Finland,2024-07-20,4857
1,2,0,Oulu,Ekenas Idrottsforening,ACO,EIF,Finland,2024-07-20,4857
1,1,0,Akureyrar,Vikingur,KAA,VIK,Island,2024-07-20,4857
X,1,1,Kopavogur,IF Vestri,KOP,VES,Island,2024-07-20,4857
1,1,0,Moss,Kongsvinger,MFK,KIL,Norge,2024-07-20,4857
X,0,0,Raufoss,Stabæk,RAU,STB,Norge,2024-07-20,4857
2,1,2,IK Start,Vålerenga,STA,VIF,Norge,2024-07-20,4857
1,2,1,Lugano,Grasshoppers,LUG,GCZ,Schweiz,2024-07-20,4857
2,3,4,IFK Göteborg,Brommapojkarna,IFK,BRO,Sverige,2024-07-27,4858
2,0,1,Malmö,Sirius,MAL,SIR,Sverige,2024-07-27,4858
1,1,0,Halmstad,Värnamo,HBK,VÄR,Sverige,2024-07-27,4858
X,2,2,Fredrikstad FK,Rosenborg,FFK,RBK,Norge,2024-07-27,4858
X,1,1,KFUM Oslo,Bodö/Glimt,KFU,B/G,Norge,2024-07-27,4858
X,2,2,Nordsjälland,Midtjylland,NJA,MJY,Danmark,2024-07-27,4858
2,1,2,Basel,Lugano,FCB,LUG,Schweiz,2024-07-27,4858
X,2,2,Grasshoppers,Luzern,GCZ,FCL,Schweiz,2024-07-27,4858
1,4,0,Sion,Lausanne,SIO,LS,Schweiz,2024-07-27,4858
1,1,0,Anderlecht,St. Truidense,AND,STT,Belgien,2024-07-27,4858
X,0,0,Beerschot,OH Leuven,BEE,OHE,Belgien,2024-07-27,4858
1,3,0,HJK Helsingfors,Oulu,HJK,ACO,Finland,2024-07-27,4858
2,1,4,Stabæk,Moss,STB,MFK,Norge,2024-07-27,4858
1,4,1,Brommapojkarna,Halmstad,BRO,HBK,Sverige,2024-08-03,4859
1,4,0,Sandviken,Gefle,SAN,GEF,Sverige,2024-08-03,4859
2,0,3,Varberg,Helsingborg,VBG,HEL,Sverige,2024-08-03,4859
1,2,0,Midtjylland,Aalborg,MJY,AAB,Danmark,2024-08-03,4859
X,3,3,Sporting Lissabon,Porto,SPO,FCP,Portugal,2024-08-03,4859
2,0,5,Galatasaray,Besiktas,GAL,BES,Turkiet,2024-08-03,4859
2,0,3,Grasshoppers,Basel,GCZ,FCB,Schweiz,2024-08-03,4859
1,3,1,Lugano,Servette,LUG,SER,Schweiz,2024-08-03,4859
1,1,0,Luzern,Sion,FCL,SIO,Schweiz,2024-08-03,4859
X,0,0,Motherwell,Ross County,MOT,ROS,Skottland,2024-08-03,4859
2,2,4,Mechelen,Westerlo,KV,WES,Belgien,2024-08-03,4859
1,3,1,OH Leuven,Genk,OHE,GEN,Belgien,2024-08-03,4859
2,1,4,St. Truidense,Charleroi,STT,CHA,Belgien,2024-08-03,4859
X,1,1,Manchester City,Manchester United,MNC,MNU,England,2024-08-10,4860
X,0,0,IFK Göteborg,Värnamo,IFK,VÄR,Sverige,2024-08-10,4860
X,1,1,Viking,Bodö/Glimt,VIK,B/G,Norge,2024-08-10,4860
2,0,1,Haugesund,Ham-Kam,HAU,HAM,Norge,2024-08-10,4860
1,1,0,Bristol Rovers,Northampton,BR,NOR,England,2024-08-10,4860
2,2,3,Burton,Lincoln,BUR,LIC,England,2024-08-10,4860
1,2,1,Crawley Town,Blackpool,CRA,BLP,England,2024-08-10,4860
1,1,0,Exeter,Rotherham,EXE,ROT,England,2024-08-10,4860
2,1,2,Leyton Orient,Bolton,LEY,BOL,England,2024-08-10,4860
2,0,2,Peterborough ,Huddersfield,PET,HUD,England,2024-08-10,4860
1,2,0,Stockport,Cambridge,STO,CAM,England,2024-08-10,4860
2,0,1,Wigan,Charlton,WIG,CHA,England,2024-08-10,4860
1,3,2,Wrexham,Wycombe,WRE,WYW,England,2024-08-10,4860
2,1,2,West Ham,Aston Villa,WHU,AST,England,2024-08-17,4861
1,2,0,Arsenal,Wolverhampton,ARS,WOL,England,2024-08-17,4861
2,0,3,Everton,Brighton,EVE,BHA,England,2024-08-17,4861
1,1,0,Newcastle,Southampton,NEW,SOU,England,2024-08-17,4861
X,1,1,Nottingham,Bournemouth,NOF,BRN,England,2024-08-17,4861
1,4,3,Bristol City,Millwall,BRC,MIL,England,2024-08-17,4861
1,5,0,Burnley,Cardiff,BUR,CAR,England,2024-08-17,4861
X,2,2,Norwich,Blackburn,NOR,BLA,England,2024-08-17,4861
X,1,1,Plymouth,Hull,PA,HUL,England,2024-08-17,4861
X,2,2,Sheffield U,Queens Park Rangers,SHU,QPR,England,2024-08-17,4861
1,3,0,Swansea,Preston,SWA,PRE,England,2024-08-17,4861
1,3,0,Watford,Stoke,WAT,STO,England,2024-08-17,4861
1,2,1,Västerås,Kalmar,VSK,KAL,Sverige,2024-08-17,4861
2,0,2,Aston Villa,Arsenal,AST,ARS,England,2024-08-24,4862
2,0,2,Crystal Palace,West Ham,PAL,WHU,England,2024-08-24,4862
1,2,1,Fulham,Leicester,FUL,LEI,England,2024-08-24,4862
1,4,1,Manchester City,Ipswich,MNC,IPS,England,2024-08-24,4862
1,4,0,Tottenham,Everton,TOT,EVE,England,2024-08-24,4862
2,0,1,Southampton,Nottingham,SOU,NOF,England,2024-08-24,4862
1,2,1,Blackburn,Oxford,BLA,OXU,England,2024-08-24,4862
X,1,1,Norwich,Sheffield U,NOR,SHU,England,2024-08-24,4862
X,2,2,Middlesbrough,Portsmouth,MID,POR,England,2024-08-24,4862
1,1,0,Preston,Luton,PRE,LUT,England,2024-08-24,4862
2,1,2,Stoke,West Bromwich,STO,WBA,England,2024-08-24,4862
1,1,0,Sunderland,Burnley,SUN,BUR,England,2024-08-24,4862
1,2,1,Watford,Derby,WAT,DER,England,2024-08-24,4862
2,1,3,West Ham,Manchester City,WHU,MNC,England,2024-08-31,4863
2,2,3,Everton,Bournemouth,EVE,BRN,England,2024-08-31,4863
1,3,1,Brentford,Southampton,BRE,SOU,England,2024-08-31,4863
X,1,1,Ipswich,Fulham,IPS,FUL,England,2024-08-31,4863
2,1,2,Leicester,Aston Villa,LEI,AST,England,2024-08-31,4863
X,1,1,Nottingham,Wolverhampton,NOF,WOL,England,2024-08-31,4863
1,3,0,Derby,Bristol City,DER,BRC,England,2024-08-31,4863
1,3,0,Millwall,Sheffield W,MIL,SHW,England,2024-08-31,4863
1,2,0,Leeds,Hull,LU,HUL,England,2024-08-31,4863
1,3,1,Oxford,Preston,OXU,PRE,England,2024-08-31,4863
2,0,1,Plymouth,Stoke,PA,STO,England,2024-08-31,4863
2,1,3,Portsmouth,Sunderland,POR,SUN,England,2024-08-31,4863
1,1,0,West Bromwich,Swansea,WBA,SWA,England,2024-08-31,4863
1,5,0,Tyskland,Ungern,GER,HUN,"Tyskland, Ungern",2024-09-07,4864
1,5,2,Nederländerna,Bosnien & Hercegovina,NED,BIH,"Nederländerna, Bosnien och Hercegovina",2024-09-07,4864
2,0,2,Irland,England,IRL,ENG,"Irland, England",2024-09-07,4864
1,3,0,Grekland,Finland,GRE,FIN,"Grekland, Finland",2024-09-07,4864
2,1,2,Ukraina,Albanien,UKR,ALB,"Ukraina, Albanien",2024-09-07,4864
1,4,1,Georgien,Tjeckien,GEO,CZE,"Georgien, Tjeckien",2024-09-07,4864
1,4,1,Armenien,Lettland,ARM,LAT,"Armenien, Lettland",2024-09-07,4864
1,2,0,Moldavien,Malta,MDA,MLT,"Moldavien, Malta",2024-09-07,4864
1,2,1,Barnsley,Bristol Rovers,BAR,BR,England,2024-09-07,4864
X,1,1,Charlton,Rotherham,CHA,ROT,England,2024-09-07,4864
1,3,0,Wrexham,Shrewsbury,WRE,SHR,England,2024-09-07,4864
1,1,0,Milton Keynes Dons,Walsall,MKD,WAL,England,2024-09-07,4864
2,1,4,Newport,Port Vale,NC,PVA,England,2024-09-07,4864
2,0,1,Bournemouth,Chelsea,BRN,CHE,England,2024-09-14,4865
1,3,2,Aston Villa,Everton,AST,EVE,England,2024-09-14,4865
X,2,2,Crystal Palace,Leicester,PAL,LEI,England,2024-09-14,4865
2,0,1,Liverpool,Nottingham,LFC,NOF,England,2024-09-14,4865
X,0,0,Brighton,Ipswich,BHA,IPS,England,2024-09-14,4865
X,1,1,Fulham,West Ham,FUL,WHU,England,2024-09-14,4865
1,3,0,Blackburn,Bristol City,BLA,BRC,England,2024-09-14,4865
1,1,0,Derby,Cardiff,DER,CAR,England,2024-09-14,4865
X,1,1,Middlesbrough,Preston,MID,PRE,England,2024-09-14,4865
1,3,2,Plymouth,Sunderland,PA,SUN,England,2024-09-14,4865
X,1,1,Sheffield W,Queens Park Rangers,SHW,QPR,England,2024-09-14,4865
1,1,0,Swansea,Norwich,SWA,NOR,England,2024-09-14,4865
X,1,1,Watford,Coventry,WAT,COC,England,2024-09-14,4865
X,0,0,Crystal Palace,Manchester United,PAL,MNU,England,2024-09-21,4866
1,3,1,Aston Villa,Wolverhampton,AST,WOL,England,2024-09-21,4866
1,3,1,Fulham,Newcastle,FUL,NEW,England,2024-09-21,4866
1,3,0,Liverpool,Bournemouth,LFC,BRN,England,2024-09-21,4866
X,1,1,Leicester,Everton,LEI,EVE,England,2024-09-21,4866
X,1,1,Southampton,Ipswich,SOU,IPS,England,2024-09-21,4866
1,3,1,Tottenham,Brentford,TOT,BRE,England,2024-09-21,4866
1,2,1,Bristol City,Oxford,BRC,OXU,England,2024-09-21,4866
2,0,2,Cardiff,Leeds,CAR,LU,England,2024-09-21,4866
2,1,2,Coventry,Swansea,COC,SWA,England,2024-09-21,4866
1,2,1,Luton,Sheffield W,LUT,SHW,England,2024-09-21,4866
1,1,0,Sheffield U,Derby,SHU,DER,England,2024-09-21,4866
1,1,0,West Bromwich,Plymouth,WBA,PA,England,2024-09-21,4866
2,1,2,Wolverhampton,Liverpool,WOL,LFC,England,2024-09-28,4867
1,4,2,Chelsea,Brighton,CHE,BHA,England,2024-09-28,4867
1,4,2,Arsenal,Leicester,ARS,LEI,England,2024-09-28,4867
X,1,1,Brentford,West Ham,BRE,WHU,England,2024-09-28,4867
1,2,1,Everton,Crystal Palace,EVE,PAL,England,2024-09-28,4867
2,0,1,Nottingham,Fulham,NOF,FUL,England,2024-09-28,4867
1,4,1,Hull,Cardiff,HUL,CAR,England,2024-09-28,4867
1,3,1,Millwall,Preston,MIL,PRE,England,2024-09-28,4867
1,2,0,Middlesbrough,Stoke,MID,STO,England,2024-09-28,4867
1,3,0,Leeds,Coventry,LU,COC,England,2024-09-28,4867
X,0,0,Oxford,Burnley,OXU,BUR,England,2024-09-28,4867
X,0,0,Portsmouth,Sheffield U,POR,SHU,England,2024-09-28,4867
1,2,1,Watford,Sunderland,WAT,SUN,England,2024-09-28,4867
X,0,0,Everton,Newcastle,EVE,NEW,England,2024-10-05,4868
1,5,3,Brentford,Wolverhampton,BRE,WOL,England,2024-10-05,4868
1,1,0,Leicester,Bournemouth,LEI,BRN,England,2024-10-05,4868
1,3,2,Manchester City,Fulham,MNC,FUL,England,2024-10-05,4868
1,4,1,West Ham,Ipswich,WHU,IPS,England,2024-10-05,4868
2,1,2,Coventry,Sheffield W,COC,SHW,England,2024-10-05,4868
1,2,0,Derby,Queens Park Rangers,DER,QPR,England,2024-10-05,4868
1,2,1,Plymouth,Blackburn,PA,BLA,England,2024-10-05,4868
1,2,0,Sheffield U,Luton,SHU,LUT,England,2024-10-05,4868
X,0,0,Swansea,Stoke,SWA,STO,England,2024-10-05,4868
1,2,1,Watford,Middlesbrough,WAT,MID,England,2024-10-05,4868
X,0,0,West Bromwich,Millwall,WBA,MIL,England,2024-10-05,4868
1,2,0,Brommapojkarna,GAIS,BRO,GAIS,Sverige,2024-10-05,4868
1,2,1,Kroatien,Skottland,CRO,SCO,"Kroatien, Skottland",2024-10-12,4869
2,1,3,Polen,Portugal,POL,POR,"Polen, Portugal",2024-10-12,4869
1,1,0,Spanien,Danmark,ESP,DEN,"Spanien, Danmark",2024-10-12,4869
1,2,0,Serbien,Schweiz,SRB,SUI,"Serbien, Schweiz",2024-10-12,4869
2,3,5,Crawley Town,Shrewsbury,CRA,SHR,England,2024-10-12,4869
X,3,3,Peterborough ,Rotherham,PET,ROT,England,2024-10-12,4869
2,2,3,Cheltenham,Swindon,CHE,SWI,England,2024-10-12,4869
X,1,1,Doncaster,Crewe,DON,CRA,England,2024-10-12,4869
1,1,0,Harrogate,Newport,HTO,NC,England,2024-10-12,4869
2,0,1,Milton Keynes Dons,Port Vale,MKD,PVA,England,2024-10-12,4869
2,1,2,Salford,Grimsby,SAL,GRI,England,2024-10-12,4869
2,0,2,Tranmere,Bradford,TRA,BRA,England,2024-10-12,4869
1,4,0,Wimbledon,Carlisle,WIM,CAR,England,2024-10-12,4869
1,2,0,Bournemouth,Arsenal,BRN,ARS,England,2024-10-19,4870
1,2,1,Manchester United,Brentford,MNU,BRE,England,2024-10-19,4870
2,0,1,Newcastle,Brighton,NEW,BHA,England,2024-10-19,4870
2,1,3,Fulham,Aston Villa,FUL,AST,England,2024-10-19,4870
2,0,2,Ipswich,Everton,IPS,EVE,England,2024-10-19,4870
2,2,3,Southampton,Leicester,SOU,LEI,England,2024-10-19,4870
1,1,0,Blackburn,Swansea,BLA,SWA,England,2024-10-19,4870
2,0,2,Middlesbrough,Bristol City,MID,BRC,England,2024-10-19,4870
X,1,1,Millwall,Derby,MIL,DER,England,2024-10-19,4870
2,1,2,Queens Park Rangers,Portsmouth,QPR,POR,England,2024-10-19,4870
2,0,2,Sheffield W,Burnley,SHW,BUR,England,2024-10-19,4870
X,1,1,Stoke,Norwich,STO,NOR,England,2024-10-19,4870
X,1,1,Charlton,Stockport,CHA,STO,England,2024-10-19,4870
X,1,1,Everton,Fulham,EVE,FUL,England,2024-10-26,4871
X,1,1,Aston Villa,Bournemouth,AST,BRN,England,2024-10-26,4871
1,4,3,Brentford,Ipswich,BRE,IPS,England,2024-10-26,4871
X,2,2,Brighton,Wolverhampton,BHA,WOL,England,2024-10-26,4871
1,1,0,Manchester City,Southampton,MNC,SOU,England,2024-10-26,4871
X,0,0,Burnley,Queens Park Rangers,BUR,QPR,England,2024-10-26,4871
X,1,1,Derby,Hull,DER,HUL,England,2024-10-26,4871
X,3,3,Plymouth,Preston,PA,PRE,England,2024-10-26,4871
1,2,0,Sheffield U,Stoke,SHU,STO,England,2024-10-26,4871
1,2,0,Sunderland,Oxford,SUN,OXU,England,2024-10-26,4871
2,0,1,Swansea,Millwall,SWA,MIL,England,2024-10-26,4871
X,0,0,West Bromwich,Cardiff,WBA,CAR,England,2024-10-26,4871
X,2,2,Charlton,Wrexham,CHA,WRE,England,2024-10-26,4871
X,2,2,Wolverhampton,Crystal Palace,WOL,PAL,England,2024-11-02,4872
1,2,1,Bournemouth,Manchester City,BRN,MNC,England,2024-11-02,4872
X,1,1,Ipswich,Leicester,IPS,LEI,England,2024-11-02,4872
1,2,1,Liverpool,Brighton,LFC,BHA,England,2024-11-02,4872
1,3,0,Nottingham,West Ham,NOF,WHU,England,2024-11-02,4872
1,1,0,Southampton,Everton,SOU,EVE,England,2024-11-02,4872
1,2,1,Cardiff,Norwich,CAR,NOR,England,2024-11-02,4872
X,1,1,Hull,Portsmouth,HUL,POR,England,2024-11-02,4872
1,3,0,Leeds,Plymouth,LU,PA,England,2024-11-02,4872
2,0,3,Middlesbrough,Coventry,MID,COC,England,2024-11-02,4872
2,1,3,Preston,Bristol City,PRE,BRC,England,2024-11-02,4872
X,0,0,Queens Park Rangers,Sunderland,QPR,SUN,England,2024-11-02,4872
2,2,6,Sheffield W,Watford,SHW,WAT,England,2024-11-02,4872
1,2,0,Liverpool,Aston Villa,LFC,AST,England,2024-11-09,4873
1,2,1,Brighton,Manchester City,BHA,MNC,England,2024-11-09,4873
2,0,2,Crystal Palace,Fulham,PAL,FUL,England,2024-11-09,4873
1,3,2,Brentford,Bournemouth,BRE,BRN,England,2024-11-09,4873
X,0,0,West Ham,Everton,WHU,EVE,England,2024-11-09,4873
1,2,0,Wolverhampton,Southampton,WOL,SOU,England,2024-11-09,4873
X,1,1,Derby,Plymouth,DER,PA,England,2024-11-09,4873
1,2,0,Leeds,Queens Park Rangers,LU,QPR,England,2024-11-09,4873
2,0,2,Norwich,Bristol City,NOR,BRC,England,2024-11-09,4873
1,3,1,Portsmouth,Preston,POR,PRE,England,2024-11-09,4873
X,2,2,Sunderland,Coventry,SUN,COC,England,2024-11-09,4873
1,1,0,Exeter,Charlton,EXE,CHA,England,2024-11-09,4873
1,5,0,Stockport,Bolton,STO,BOL,England,2024-11-09,4873
1,2,1,Sverige,Slovakien,SVE,SVK,"Sverige, Slovakien",2024-11-16,4874
1,4,0,Nederländerna,Ungern,NED,HUN,"Nederländerna, Ungern",2024-11-16,4874
X,0,0,Albanien,Tjeckien,ALB,CZE,"Albanien, Tjeckien",2024-11-16,4874
X,1,1,Georgien,Ukraina,GEO,UKR,"Georgien, Ukraina",2024-11-16,4874
X,0,0,Turkiet,Wales,TUR,WAL,"Turkiet, Wales",2024-11-16,4874
2,0,2,Montenegro,Island,MNE,ISL,"Montenegro, Island",2024-11-16,4874
X,0,0,Blackpool,Northampton,BLP,NOR,England,2024-11-16,4874
X,0,0,Bristol Rovers,Crawley Town,BR,CRA,England,2024-11-16,4874
X,1,1,Cambridge,Barnsley,CAM,BAR,England,2024-11-16,4874
1,1,0,Stockport,Wrexham,STO,WRE,England,2024-11-16,4874
2,1,3,Barrow,Wimbledon,BAR,WIM,England,2024-11-16,4874
1,2,0,Crewe,Notts County,CRA,NOC,England,2024-11-16,4874
X,0,0,Newport,Grimsby,NC,GRI,England,2024-11-16,4874
2,0,4,Manchester City,Tottenham,MNC,TOT,England,2024-11-23,4875
1,3,0,Arsenal,Nottingham,ARS,NOF,England,2024-11-23,4875
X,2,2,Aston Villa,Crystal Palace,AST,PAL,England,2024-11-23,4875
2,1,2,Bournemouth,Brighton,BRN,BHA,England,2024-11-23,4875
X,0,0,Everton,Brentford,EVE,BRE,England,2024-11-23,4875
2,1,4,Fulham,Wolverhampton,FUL,WOL,England,2024-11-23,4875
1,0,0,Blackburn,Portsmouth,BLA,POR,England,2024-11-23,4875
1,1,0,Luton,Hull,LUT,HUL,England,2024-11-23,4875
X,1,1,Millwall,Sunderland,MIL,SUN,England,2024-11-23,4875
2,2,6,Oxford,Middlesbrough,OXU,MID,England,2024-11-23,4875
X,1,1,Preston,Derby,PRE,DER,England,2024-11-23,4875
X,1,1,Queens Park Rangers,Stoke,QPR,STO,England,2024-11-23,4875
X,2,2,West Bromwich,Norwich,WBA,NOR,England,2024-11-23,4875
2,2,5,West Ham,Arsenal,WHU,ARS,England,2024-11-30,4876
X,1,1,Crystal Palace,Newcastle,PAL,NEW,England,2024-11-30,4876
1,4,1,Brentford,Leicester,BRE,LEI,England,2024-11-30,4876
1,1,0,Nottingham,Ipswich,NOF,IPS,England,2024-11-30,4876
2,2,4,Wolverhampton,Bournemouth,WOL,BRN,England,2024-11-30,4876
1,4,0,Bristol City,Plymouth,BRC,PA,England,2024-11-30,4876
X,2,2,Coventry,Cardiff,COC,CAR,England,2024-11-30,4876
1,4,2,Norwich,Luton,NOR,LUT,England,2024-11-30,4876
X,1,1,Preston,West Bromwich,PRE,WBA,England,2024-11-30,4876
2,0,2,Stoke,Burnley,STO,BUR,England,2024-11-30,4876
X,2,2,Swansea,Portsmouth,SWA,POR,England,2024-11-30,4876
X,1,1,Cambridge,Wigan,CAM,WIG,England,2024-11-30,4876
2,0,4,Walsall,Charlton,WAL,CHA,England,2024-11-30,4876
2,2,3,Manchester United,Nottingham,MNU,NOF,England,2024-12-07,4877
1,1,0,Aston Villa,Southampton,AST,SOU,England,2024-12-07,4877
1,4,2,Brentford,Newcastle,BRE,NEW,England,2024-12-07,4877
X,2,2,Crystal Palace,Manchester City,PAL,MNC,England,2024-12-07,4877
1,0,0,Cardiff,Watford,CAR,WAT,England,2024-12-07,4877
2,0,1,Hull,Blackburn,HUL,BLA,England,2024-12-07,4877
X,1,1,Luton,Swansea,LUT,SWA,England,2024-12-07,4877
2,0,1,Millwall,Coventry,MIL,COC,England,2024-12-07,4877
2,0,0,Plymouth,Oxford,PA,OXU,England,2024-12-07,4877
1,3,0,Portsmouth,Bristol City,POR,BRC,England,2024-12-07,4877
1,3,0,Queens Park Rangers,Norwich,QPR,NOR,England,2024-12-07,4877
2,1,2,Barnsley,Birmingham,BAR,BIR,England,2024-12-07,4877
2,1,2,Mansfield,Huddersfield,MAT,HUD,England,2024-12-07,4877
1,2,1,Nottingham,Aston Villa,NOF,AST,England,2024-12-14,4878
X,0,0,Arsenal,Everton,ARS,EVE,England,2024-12-14,4878
X,2,2,Liverpool,Fulham,LFC,FUL,England,2024-12-14,4878
1,4,0,Newcastle,Leicester,NEW,LEI,England,2024-12-14,4878
2,1,2,Wolverhampton,Ipswich,WOL,IPS,England,2024-12-14,4878
1,2,0,Blackburn,Luton,BLA,LUT,England,2024-12-14,4878
1,1,0,Middlesbrough,Millwall,MID,MIL,England,2024-12-14,4878
2,1,3,Oxford,Sheffield W,OXU,SHW,England,2024-12-14,4878
1,2,0,Sheffield U,Plymouth,SHU,PA,England,2024-12-14,4878
X,2,2,Stoke,Cardiff,STO,CAR,England,2024-12-14,4878
2,2,3,Swansea,Sunderland,SWA,SUN,England,2024-12-14,4878
2,1,2,Exeter,Barnsley,EXE,BAR,England,2024-12-14,4878
2,0,3,Reading,Blackpool,REA,BLP,England,2024-12-14,4878
2,1,5,Crystal Palace,Arsenal,PAL,ARS,England,2024-12-21,4879
2,0,2,Brentford,Nottingham,BRE,NOF,England,2024-12-21,4879
X,1,1,West Ham,Brighton,WHU,BHA,England,2024-12-21,4879
2,0,4,Ipswich,Newcastle,IPS,NEW,England,2024-12-21,4879
1,2,1,Burnley,Watford,BUR,WAT,England,2024-12-21,4879
2,0,2,Cardiff,Sheffield U,CAR,SHU,England,2024-12-21,4879
1,4,0,Leeds,Oxford,LU,OXU,England,2024-12-21,4879
1,1,0,Millwall,Blackburn,MIL,BLA,England,2024-12-21,4879
X,3,3,Plymouth,Middlesbrough,PA,MID,England,2024-12-21,4879
1,2,1,Queens Park Rangers,Preston,QPR,PRE,England,2024-12-21,4879
1,2,1,Sunderland,Norwich,SUN,NOR,England,2024-12-21,4879
X,0,0,Blackpool,Stevenage,BLP,STE,England,2024-12-21,4879
2,0,5,Northampton,Charlton,NOR,CHA,England,2024-12-21,4879
1,3,1,Liverpool,Leicester,LFC,LEI,England,2024-12-26,4880
2,1,2,Chelsea,Fulham,CHE,FUL,England,2024-12-26,4880
1,2,0,Wolverhampton,Manchester United,WOL,MNU,England,2024-12-26,4880
1,3,0,Newcastle,Aston Villa,NEW,AST,England,2024-12-26,4880
1,1,0,Nottingham,Tottenham,NOF,TOT,England,2024-12-26,4880
2,0,1,Southampton,West Ham,SOU,WHU,England,2024-12-26,4880
X,0,0,Bournemouth,Crystal Palace,BRN,PAL,England,2024-12-26,4880
X,2,2,Blackburn,Sunderland,BLA,SUN,England,2024-12-26,4880
1,1,0,Bristol City,Luton,BRC,LUT,England,2024-12-26,4880
1,2,1,Derby,West Bromwich,DER,WBA,England,2024-12-26,4880
1,2,1,Norwich,Millwall,NOR,MIL,England,2024-12-26,4880
1,1,0,Preston,Hull,PRE,HUL,England,2024-12-26,4880
2,0,2,Sheffield U,Burnley,SHU,BUR,England,2024-12-26,4880
2,0,5,West Ham,Liverpool,WHU,LFC,England,2024-12-29,4881
X,2,2,Tottenham,Wolverhampton,TOT,WOL,England,2024-12-29,4881
2,0,2,Everton,Nottingham,EVE,NOF,England,2024-12-29,4881
1,2,1,Crystal Palace,Southampton,PAL,SOU,England,2024-12-29,4881
X,2,2,Fulham,Bournemouth,FUL,BRN,England,2024-12-29,4881
1,3,0,Bristol City,Portsmouth,BRC,POR,England,2024-12-29,4881
X,0,0,Coventry,Millwall,COC,MIL,England,2024-12-29,4881
2,1,2,Watford,Cardiff,WAT,CAR,England,2024-12-29,4881
2,0,1,Derby,Leeds,DER,LU,England,2024-12-29,4881
X,0,0,Middlesbrough,Burnley,MID,BUR,England,2024-12-29,4881
1,2,0,Oxford,Plymouth,OXU,PA,England,2024-12-29,4881
1,1,0,Stoke,Sunderland,STO,SUN,England,2024-12-29,4881
1,2,1,Swansea,Luton,SWA,LUT,England,2024-12-29,4881
X,1,1,Brighton,Arsenal,BHA,ARS,England,2025-01-04,4882
X,1,1,Crystal Palace,Chelsea,PAL,CHE,England,2025-01-04,4882
1,4,1,Manchester City,West Ham,MNC,WHU,England,2025-01-04,4882
1,2,1,Aston Villa,Leicester,AST,LEI,England,2025-01-04,4882
1,1,0,Bournemouth,Everton,BRN,EVE,England,2025-01-04,4882
2,0,5,Southampton,Brentford,SOU,BRE,England,2025-01-04,4882
1,1,0,Bristol City,Derby,BRC,DER,England,2025-01-04,4882
X,3,3,Hull,Leeds,HUL,LU,England,2025-01-04,4882
X,1,1,Middlesbrough,Cardiff,MID,CAR,England,2025-01-04,4882
1,2,1,Norwich,Coventry,NOR,COC,England,2025-01-04,4882
X,1,1,Preston,Oxford,PRE,OXU,England,2025-01-04,4882
X,2,2,Sheffield W,Millwall,SHW,MIL,England,2025-01-04,4882
2,1,2,Watford,Sheffield U,WAT,SHU,England,2025-01-04,4882
1,5,1,Bournemouth,West Bromwich,BRN,WBA,England,2025-01-11,4883
2,0,1,Brentford,Plymouth,BRE,PA,England,2025-01-11,4883
2,0,4,Norwich,Brighton,NOR,BHA,England,2025-01-11,4883
1,2,0,Nottingham,Luton,NOF,LUT,England,2025-01-11,4883
X,1,1,Coventry,Sheffield W,COC,SHW,England,2025-01-11,4883
X,1,1,Sunderland,Stoke,SUN,STO,England,2025-01-11,4883
1,0,0,Preston,Charlton,PRE,CHA,England,2025-01-11,4883
X,1,1,Reading,Burnley,REA,BUR,England,2025-01-11,4883
2,0,0,Leyton Orient,Derby,LEY,DER,England,2025-01-11,4883
1,3,1,Exeter,Oxford,EXE,OXU,England,2025-01-11,4883
X,0,0,Mansfield,Wigan,MAT,WIG,England,2025-01-11,4883
2,0,0,Northampton,Barnsley,NOR,BAR,England,2025-01-11,4883
2,0,0,Shrewsbury,Huddersfield,SHR,HUD,England,2025-01-11,4883
X,2,2,Arsenal,Aston Villa,ARS,AST,England,2025-01-18,4884
2,0,2,Brentford,Liverpool,BRE,LFC,England,2025-01-18,4884
2,0,2,Leicester,Fulham,LEI,FUL,England,2025-01-18,4884
2,0,2,West Ham,Crystal Palace,WHU,PAL,England,2025-01-18,4884
1,1,0,Coventry,Bristol City,COC,BRC,England,2025-01-18,4884
2,0,2,Derby,Watford,DER,WAT,England,2025-01-18,4884
X,0,0,Luton,Preston,LUT,PRE,England,2025-01-18,4884
1,1,0,Oxford,Blackburn,OXU,BLA,England,2025-01-18,4884
1,2,1,Portsmouth,Middlesbrough,POR,MID,England,2025-01-18,4884
1,2,0,Sheffield U,Norwich,SHU,NOR,England,2025-01-18,4884
X,1,1,West Bromwich,Stoke,WBA,STO,England,2025-01-18,4884
2,1,3,Reading,Stockport,REA,STO,England,2025-01-18,4884
1,4,2,Rotherham,Charlton,ROT,CHA,England,2025-01-18,4884
1,3,1,Manchester City,Chelsea,MNC,CHE,England,2025-01-25,4885
1,4,1,Liverpool,Ipswich,LFC,IPS,England,2025-01-25,4885
2,0,1,Wolverhampton,Arsenal,WOL,ARS,England,2025-01-25,4885
2,0,1,Brighton,Everton,BHA,EVE,England,2025-01-25,4885
2,1,3,Southampton,Newcastle,SOU,NEW,England,2025-01-25,4885
1,5,0,Bournemouth,Nottingham,BRN,NOF,England,2025-01-25,4885
1,2,1,Bristol City,Blackburn,BRC,BLA,England,2025-01-25,4885
1,2,1,Cardiff,Derby,CAR,DER,England,2025-01-25,4885
1,2,1,Coventry,Watford,COC,WAT,England,2025-01-25,4885
1,2,1,Preston,Middlesbrough,PRE,MID,England,2025-01-25,4885
2,0,2,Queens Park Rangers,Sheffield W,QPR,SHW,England,2025-01-25,4885
X,2,2,Sunderland,Plymouth,SUN,PA,England,2025-01-25,4885
1,5,1,West Bromwich,Portsmouth,WBA,POR,England,2025-01-25,4885
1,2,0,Wolverhampton,Aston Villa,WOL,AST,England,2025-02-01,4886
2,0,2,Bournemouth,Liverpool,BRN,LFC,England,2025-02-01,4886
1,4,0,Everton,Leicester,EVE,LEI,England,2025-02-01,4886
2,1,2,Newcastle,Fulham,NEW,FUL,England,2025-02-01,4886
2,1,2,Ipswich,Southampton,IPS,SOU,England,2025-02-01,4886
2,0,1,Derby,Sheffield U,DER,SHU,England,2025-02-01,4886
2,1,2,Hull,Stoke,HUL,STO,England,2025-02-01,4886
1,2,1,Millwall,Queens Park Rangers,MIL,QPR,England,2025-02-01,4886
1,7,0,Leeds,Cardiff,LU,CAR,England,2025-02-01,4886
X,0,0,Portsmouth,Burnley,POR,BUR,England,2025-02-01,4886
X,1,1,Sheffield W,Luton,SHW,LUT,England,2025-02-01,4886
2,0,2,Swansea,Coventry,SWA,COC,England,2025-02-01,4886
2,0,1,Leyton Orient,Stockport,LEY,STO,England,2025-02-01,4886
1,2,1,Brighton,Chelsea,BHA,CHE,England,2025-02-08,4887
2,2,3,Birmingham,Newcastle,BIR,NEW,England,2025-02-08,4887
2,0,2,Everton,Bournemouth,EVE,BRN,England,2025-02-08,4887
2,1,4,Coventry,Ipswich,COC,IPS,England,2025-02-08,4887
2,0,1,Southampton,Burnley,SOU,BUR,England,2025-02-08,4887
2,1,2,Wigan,Fulham,WIG,FUL,England,2025-02-08,4887
X,0,0,Preston,Wycombe,PRE,WYW,England,2025-02-08,4887
X,3,3,Stoke,Cardiff,STO,CAR,England,2025-02-08,4887
X,1,1,Norwich,Derby,NOR,DER,England,2025-02-08,4887
1,2,1,Sheffield U,Portsmouth,SHU,POR,England,2025-02-08,4887
X,1,1,Burton,Blackpool,BUR,BLP,England,2025-02-08,4887
X,1,1,Lincoln,Cambridge,LIC,CAM,England,2025-02-08,4887
2,1,2,Rotherham,Shrewsbury,ROT,SHR,England,2025-02-08,4887
2,1,2,Crystal Palace,Everton,PAL,EVE,England,2025-02-15,4888
1,4,0,Manchester City,Newcastle,MNC,NEW,England,2025-02-15,4888
X,1,1,Aston Villa,Ipswich,AST,IPS,England,2025-02-15,4888
1,2,1,Fulham,Nottingham,FUL,NOF,England,2025-02-15,4888
2,0,1,West Ham,Brentford,WHU,BRE,England,2025-02-15,4888
2,1,3,Southampton,Bournemouth,SOU,BRN,England,2025-02-15,4888
1,2,0,Blackburn,Plymouth,BLA,PA,England,2025-02-15,4888
X,1,1,Hull,Norwich,HUL,NOR,England,2025-02-15,4888
2,0,1,Luton,Sheffield U,LUT,SHU,England,2025-02-15,4888
2,0,1,Middlesbrough,Watford,MID,WAT,England,2025-02-15,4888
X,1,1,Millwall,West Bromwich,MIL,WBA,England,2025-02-15,4888
2,1,2,Sheffield W,Coventry,SHW,COC,England,2025-02-15,4888
1,3,1,Stoke,Swansea,STO,SWA,England,2025-02-15,4888
1,2,1,Aston Villa,Chelsea,AST,CHE,England,2025-02-22,4889
2,0,1,Arsenal,West Ham,ARS,WHU,England,2025-02-22,4889
2,1,4,Ipswich,Tottenham,IPS,TOT,England,2025-02-22,4889
2,0,2,Fulham,Crystal Palace,FUL,PAL,England,2025-02-22,4889
2,0,1,Bournemouth,Wolverhampton,BRN,WOL,England,2025-02-22,4889
2,0,4,Southampton,Brighton,SOU,BHA,England,2025-02-22,4889
1,2,1,Coventry,Preston,COC,PRE,England,2025-02-22,4889
1,4,2,Norwich,Stoke,NOR,STO,England,2025-02-22,4889
1,2,1,Portsmouth,Queens Park Rangers,POR,QPR,England,2025-02-22,4889
1,3,0,Swansea,Blackburn,SWA,BLA,England,2025-02-22,4889
1,2,0,West Bromwich,Oxford,WBA,OXU,England,2025-02-22,4889
1,2,1,Bolton,Leyton Orient,BOL,LEY,England,2025-02-22,4889
1,2,1,Northampton,Bristol Rovers,NOR,BR,England,2025-02-22,4889
1,3,1,Manchester City,Plymouth,MNC,PA,England,2025-03-01,4890
X,1,1,Bournemouth,Wolverhampton,BRN,WOL,England,2025-03-01,4890
1,1,0,Luton,Portsmouth,LUT,POR,England,2025-03-01,4890
1,1,0,Middlesbrough,Derby,MID,DER,England,2025-03-01,4890
2,1,2,Queens Park Rangers,Sheffield U,QPR,SHU,England,2025-03-01,4890
X,0,0,Stoke,Watford,STO,WAT,England,2025-03-01,4890
1,4,3,Barnsley,Lincoln,BAR,LIC,England,2025-03-01,4890
2,2,3,Bristol Rovers,Rotherham,BR,ROT,England,2025-03-01,4890
X,1,1,Exeter,Northampton,EXE,NOR,England,2025-03-01,4890
2,1,2,Leyton Orient,Charlton,LEY,CHA,England,2025-03-01,4890
1,3,1,Peterborough ,Shrewsbury,PET,SHR,England,2025-03-01,4890
2,1,2,Stevenage,Huddersfield,STE,HUD,England,2025-03-01,4890
2,1,2,Wigan,Reading,WIG,REA,England,2025-03-01,4890
X,1,1,Wolverhampton,Everton,WOL,EVE,England,2025-03-08,4891
2,0,1,Brentford,Aston Villa,BRE,AST,England,2025-03-08,4891
1,3,1,Liverpool,Southampton,LFC,SOU,England,2025-03-08,4891
1,2,1,Brighton,Fulham,BHA,FUL,England,2025-03-08,4891
1,1,0,Crystal Palace,Ipswich,PAL,IPS,England,2025-03-08,4891
X,1,1,Bristol City,Hull,BRC,HUL,England,2025-03-08,4891
1,4,0,Burnley,Luton,BUR,LUT,England,2025-03-08,4891
1,2,1,Derby,Blackburn,DER,BLA,England,2025-03-08,4891
2,0,3,Plymouth,Sheffield W,PA,SHW,England,2025-03-08,4891
1,1,0,Sheffield U,Preston,SHU,PRE,England,2025-03-08,4891
1,1,0,Swansea,Middlesbrough,SWA,MID,England,2025-03-08,4891
1,2,1,Sunderland,Cardiff,SUN,CAR,England,2025-03-08,4891
1,1,0,West Bromwich,Queens Park Rangers,WBA,QPR,England,2025-03-08,4891
2,1,2,Bournemouth,Brentford,BRN,BRE,England,2025-03-15,4892
X,2,2,Manchester City,Brighton,MNC,BHA,England,2025-03-15,4892
X,1,1,Everton,West Ham,EVE,WHU,England,2025-03-15,4892
2,2,4,Ipswich,Nottingham,IPS,NOF,England,2025-03-15,4892
2,1,2,Southampton,Wolverhampton,SOU,WOL,England,2025-03-15,4892
2,1,2,Blackburn,Cardiff,BLA,CAR,England,2025-03-15,4892
1,3,0,Coventry,Sunderland,COC,SUN,England,2025-03-15,4892
X,0,0,Luton,Middlesbrough,LUT,MID,England,2025-03-15,4892
1,1,0,Oxford,Watford,OXU,WAT,England,2025-03-15,4892
2,2,3,Plymouth,Derby,PA,DER,England,2025-03-15,4892
1,2,1,Preston,Portsmouth,PRE,POR,England,2025-03-15,4892
2,0,2,Swansea,Burnley,SWA,BUR,England,2025-03-15,4892
X,1,1,West Bromwich,Hull,WBA,HUL,England,2025-03-15,4892
X,1,1,Barnsley,Cambridge,BAR,CAM,England,2025-03-22,4893
1,1,0,Crawley Town,Bristol Rovers,CRA,BR,England,2025-03-22,4893
X,0,0,Lincoln,Exeter,LIC,EXE,England,2025-03-22,4893
2,0,2,Northampton,Blackpool,NOR,BLP,England,2025-03-22,4893
1,3,0,Peterborough ,Charlton,PET,CHA,England,2025-03-22,4893
1,1,0,Wrexham,Stockport,WRE,STO,England,2025-03-22,4893
1,4,1,Bradford,Colchester,BRA,COL,England,2025-03-22,4893
2,0,1,Cheltenham,Milton Keynes Dons,CHE,MKD,England,2025-03-22,4893
X,0,0,Chesterfield,Harrogate,CHE,HTO,England,2025-03-22,4893
X,0,0,Fleetwood,Tranmere,FLE,TRA,England,2025-03-22,4893
X,0,0,Gillingham,Walsall,GIL,WAL,England,2025-03-22,4893
1,1,0,Grimsby,Newport,GRI,NC,England,2025-03-22,4893
X,0,0,Swindon,Accrington,SWI,ACC,England,2025-03-22,4893
X,0,0,Brighton,Nottingham,BHA,NOF,England,2025-03-29,4894
1,1,0,Burnley,Bristol City,BUR,BRC,England,2025-03-29,4894
X,1,1,Cardiff,Sheffield W,CAR,SHW,England,2025-03-29,4894
X,2,2,Leeds,Swansea,LU,SWA,England,2025-03-29,4894
1,2,1,Middlesbrough,Oxford,MID,OXU,England,2025-03-29,4894
1,1,0,Norwich,West Bromwich,NOR,WBA,England,2025-03-29,4894
1,1,0,Portsmouth,Blackburn,POR,BLA,England,2025-03-29,4894
1,3,1,Stoke,Queens Park Rangers,STO,QPR,England,2025-03-29,4894
1,1,0,Sunderland,Millwall,SUN,MIL,England,2025-03-29,4894
1,2,1,Blackpool,Bolton,BLP,BOL,England,2025-03-29,4894
2,0,2,Exeter,Wrexham,EXE,WRE,England,2025-03-29,4894
X,1,1,Wigan,Barnsley,WIG,BAR,England,2025-03-29,4894
1,2,0,Häcken,Brommapojkarna,HAC,BRO,Sverige,2025-03-29,4894
1,2,1,Aston Villa,Nottingham,AST,NOF,England,2025-04-05,4895
1,2,1,Crystal Palace,Brighton,PAL,BHA,England,2025-04-05,4895
2,1,2,Ipswich,Wolverhampton,IPS,WOL,England,2025-04-05,4895
X,2,2,West Ham,Bournemouth,WHU,BRN,England,2025-04-05,4895
1,2,1,Bristol City,Watford,BRC,WAT,England,2025-04-05,4895
1,2,1,Millwall,Portsmouth,MIL,POR,England,2025-04-05,4895
1,1,0,Oxford,Sheffield U,OXU,SHU,England,2025-04-05,4895
1,2,1,Plymouth,Norwich,PA,NOR,England,2025-04-05,4895
X,1,1,Preston,Stoke,PRE,STO,England,2025-04-05,4895
X,0,0,Queens Park Rangers,Cardiff,QPR,CAR,England,2025-04-05,4895
2,0,1,Sheffield W,Hull,SHW,HUL,England,2025-04-05,4895
1,1,0,Swansea,Derby,SWA,DER,England,2025-04-05,4895
1,2,0,Öster,Häcken,ÖST,HAC,Sverige,2025-04-05,4895
X,1,1,Arsenal,Brentford,ARS,BRE,England,2025-04-12,4896
X,2,2,Brighton,Leicester,BHA,LEI,England,2025-04-12,4896
2,0,1,Nottingham,Everton,NOF,EVE,England,2025-04-12,4896
2,0,3,Southampton,Aston Villa,SOU,AST,England,2025-04-12,4896
2,0,1,Cardiff,Stoke,CAR,STO,England,2025-04-12,4896
2,0,1,Luton,Blackburn,LUT,BLA,England,2025-04-12,4896
1,1,0,Millwall,Middlesbrough,MIL,MID,England,2025-04-12,4896
X,2,2,Portsmouth,Derby,POR,DER,England,2025-04-12,4896
X,1,1,Queens Park Rangers,Bristol City,QPR,BRC,England,2025-04-12,4896
2,0,1,Sheffield W,Oxford,SHW,OXU,England,2025-04-12,4896
2,0,1,Sunderland,Swansea,SUN,SWA,England,2025-04-12,4896
1,2,1,West Bromwich,Watford,WBA,WAT,England,2025-04-12,4896
1,2,0,Elfsborg,IFK Norrköping,IFE,NKP,Sverige,2025-04-12,4896
1,4,1,Aston Villa,Newcastle,AST,NEW,England,2025-04-19,4897
1,4,2,Brentford,Brighton,BRE,BHA,England,2025-04-19,4897
X,0,0,Crystal Palace,Bournemouth,PAL,BRN,England,2025-04-19,4897
2,0,2,Everton,Manchester City,EVE,MNC,England,2025-04-19,4897
X,1,1,West Ham,Southampton,WHU,SOU,England,2025-04-19,4897
1,1,0,Roma,Verona,ROM,VER,Italien,2025-04-19,4897
1,1,0,Las Palmas,Atlético Madrid,LPA,ATM,Spanien,2025-04-19,4897
X,0,0,Mallorca,Leganes,MAL,LEG,Spanien,2025-04-19,4897
1,4,3,Barcelona,Celta de Vigo,BAR,CDV,Spanien,2025-04-19,4897
X,0,0,Monaco,Strasbourg,ASM,RCS,Frankrike,2025-04-19,4897
2,0,3,Vitória de Guimarães,Benfica,VIT,BEN,Portugal,2025-04-19,4897
X,4,4,Union Berlin,Stuttgart,UNI,STU,Tyskland,2025-04-19,4897
X,2,2,Schalke 04,Hamburg,SCH,HSV,Tyskland,2025-04-19,4897
1,3,0,Crystal Palace,Aston Villa,PAL,AST,England,2025-04-26,4898
1,3,2,Brighton,West Ham,BHA,WHU,England,2025-04-26,4898
1,3,0,Newcastle,Ipswich,NEW,IPS,England,2025-04-26,4898
2,1,2,Southampton,Fulham,SOU,FUL,England,2025-04-26,4898
1,3,0,Wolverhampton,Leicester,WOL,LEI,England,2025-04-26,4898
1,2,1,Blackburn,Watford,BLA,WAT,England,2025-04-26,4898
X,0,0,Cardiff,West Bromwich,CAR,WBA,England,2025-04-26,4898
2,0,1,Hull,Derby,HUL,DER,England,2025-04-26,4898
X,0,0,Middlesbrough,Norwich,MID,NOR,England,2025-04-26,4898
1,1,0,Millwall,Swansea,MIL,SWA,England,2025-04-26,4898
1,2,0,Oxford,Sunderland,OXU,SUN,England,2025-04-26,4898
2,1,2,Preston,Plymouth,PRE,PA,England,2025-04-26,4898
X,1,1,Sheffield W,Portsmouth,SHW,POR,England,2025-04-26,4898
2,1,2,Arsenal,Bournemouth,ARS,BRN,England,2025-05-03,4899
X,2,2,Everton,Ipswich,EVE,IPS,England,2025-05-03,4899
1,2,0,Leicester,Southampton,LEI,SOU,England,2025-05-03,4899
2,1,4,Huddersfield,Leyton Orient,HUD,LEY,England,2025-05-03,4899
2,2,4,Reading,Barnsley,REA,BAR,England,2025-05-03,4899
2,1,3,Wycombe,Stockport,WYW,STO,England,2025-05-03,4899
2,0,1,Grimsby,Wimbledon,GRI,WIM,England,2025-05-03,4899
2,1,2,Notts County,Doncaster,NOC,DON,England,2025-05-03,4899
1,4,2,Halmstad,Värnamo,HBK,VÄR,Sverige,2025-05-03,4899
2,2,3,Las Palmas,Valencia,LPA,VAL,Spanien,2025-05-03,4899
1,4,2,Villarreal,Osasuna,VIL,OSA,Spanien,2025-05-03,4899
1,1,0,Inter,Verona,INT,VER,Italien,2025-05-03,4899
2,0,1,Lecce,Napoli,LEC,NAP,Italien,2025-05-03,4899
2,0,1,Bournemouth,Aston Villa,BRN,AST,England,2025-05-10,4900
2,1,3,Fulham,Everton,FUL,EVE,England,2025-05-10,4900
X,0,0,Southampton,Manchester City,SOU,MNC,England,2025-05-10,4900
2,0,1,Ipswich,Brentford,IPS,BRE,England,2025-05-10,4900
2,0,2,Wolverhampton,Brighton,WOL,BHA,England,2025-05-10,4900
2,0,1,Notts County,Wimbledon,NOC,WIM,England,2025-05-10,4900
X,1,1,GAIS,Värnamo,GAIS,VÄR,Sverige,2025-05-10,4900
1,2,0,Sirius,Häcken,SIR,HAC,Sverige,2025-05-10,4900
X,1,1,Lazio,Juventus,LAZ,JUV,Italien,2025-05-10,4900
1,4,0,Atlético Madrid,Real Sociedad,ATM,SOC,Spanien,2025-05-10,4900
2,0,1,Girona,Villarreal,GIR,VIL,Spanien,2025-05-10,4900
1,2,0,Monaco,Lyon,ASM,LYO,Frankrike,2025-05-10,4900
X,1,1,Benfica,Sporting Lissabon,BEN,SPO,Portugal,2025-05-10,4900
1,1,0,Crystal Palace,Manchester City,PAL,MNC,England,2025-05-17,4901
1,2,1,Lille,Reims,LIL,SDR,Frankrike,2025-05-17,4901
2,2,3,Strasbourg,Le Havre,RCS,HAC,Frankrike,2025-05-17,4901
2,2,3,Saint Etienne,Toulouse,STE,TFC,Frankrike,2025-05-17,4901
X,1,1,Braga,Benfica,BRA,BEN,Portugal,2025-05-17,4901
1,2,0,Sporting Lissabon,Vitória de Guimarães,SPO,VIT,Portugal,2025-05-17,4901
2,0,4,Royal Antwerp,Royale Union SG,ANT,USG,Belgien,2025-05-17,4901
1,2,0,Hässleholms IF,Torslanda,HÄS,TOR,Sverige,2025-05-17,4901
1,3,0,Jönköpings Södra,Rosengård,JÖN,ROS,Sverige,2025-05-17,4901
1,3,0,Ljungskile,Lund,LSK,LBK,Sverige,2025-05-17,4901
2,0,1,Karlberg,Gefle,KAR,GEF,Sverige,2025-05-17,4901
1,3,2,Stocksund,Haninge,STO,HAN,Sverige,2025-05-17,4901
1,3,1,Inter Åbo,Ilves,INT,ILV,Finland,2025-05-17,4901
2,0,1,Nottingham,Chelsea,NOF,CHE,England,2025-05-25,4902
2,1,2,Southampton,Arsenal,SOU,ARS,England,2025-05-25,4902
1,2,0,Manchester United,Aston Villa,MNU,AST,England,2025-05-25,4902
2,0,2,Fulham,Manchester City,FUL,MNC,England,2025-05-25,4902
X,1,1,Liverpool,Crystal Palace,LFC,PAL,England,2025-05-25,4902
2,0,1,Newcastle,Everton,NEW,EVE,England,2025-05-25,4902
2,1,4,Tottenham,Brighton,TOT,BHA,England,2025-05-25,4902
X,1,1,Wolverhampton,Brentford,WOL,BRE,England,2025-05-25,4902
2,1,3,Ipswich,West Ham,IPS,WHU,England,2025-05-25,4902
1,2,0,Bournemouth,Leicester,BRN,LEI,England,2025-05-25,4902
X,1,1,Benfica,Sporting Lissabon,BEN,SPO,Portugal,2025-05-25,4902
1,3,0,FC Köpenhamn,Nordsjälland,FCK,NJA,Danmark,2025-05-25,4902
1,3,2,Midtjylland,Randers,MJY,RAN,Danmark,2025-05-25,4902
1,5,0,Paris Saint-Germain,Inter,PSG,INT,"Frankrike, Italien",2025-05-31,4903
2,0,3,Strömsgodset,Ham-Kam,STG,HAM,Norge,2025-05-31,4903
1,2,1,Tromsö,Vålerenga,TIL,VIF,Norge,2025-05-31,4903
1,2,1,Haka,VPS,HAK,VPS,Finland,2025-05-31,4903
X,0,0,HJK Helsingfors,KuPS,HJK,KUPS,Finland,2025-05-31,4903
X,2,2,Oulu,SJK,ACO,SEI,Finland,2025-05-31,4903
2,0,3,Moss,IK Start,MFK,STA,Norge,2025-05-31,4903
X,2,2,Stabæk,Kongsvinger,STB,KIL,Norge,2025-05-31,4903
2,1,3,Brommapojkarna,IFK Göteborg,BRO,IFK,Sverige,2025-05-31,4903
1,1,0,Halmstad,Djurgården,HBK,DIF,Sverige,2025-05-31,4903
1,3,0,Malmö,Häcken,MAL,HAC,Sverige,2025-05-31,4903
1,3,1,Sirius,AIK,SIR,AIK,Sverige,2025-05-31,4903
1,2,0,Mjällby,Värnamo,MJÄ,VÄR,Sverige,2025-05-31,4903
2,0,2,Finland,Nederländerna,FIN,NED,"Finland, Nederländerna",2025-06-07,4904
1,2,1,Österrike,Rumänien,AUT,ROU,"Österrike, Rumänien",2025-06-07,4904
X,0,0,Albanien,Serbien,ALB,SRB,"Albanien, Serbien",2025-06-07,4904
X,0,0,Malta,Litauen,MLT,LTU,"Malta, Litauen",2025-06-07,4904
1,2,1,Danmark,Nordirland,DEN,NIR,"Danmark, Nordirland",2025-06-07,4904
1,4,1,Grekland,Slovakien,GRE,SVK,"Grekland, Slovakien",2025-06-07,4904
1,4,2,Kanada,Ukraina,CAN,UKR,"Kanada, Ukraina",2025-06-07,4904
2,1,2,USA,Turkiet,USA,TUR,"USA, Turkiet",2025-06-07,4904
2,1,2,Almería,Real Oviedo,ALM,OVI,Spanien,2025-06-07,4904
2,1,3,Oskarshamn,AFC Malmö,OSK,ARI,Sverige,2025-06-07,4904
1,4,1,Skövde AIK,Rosengård,SKÖ,ROS,Sverige,2025-06-07,4904
1,5,2,Qviding,Åstorps FF,QVI,AFF,Sverige,2025-06-07,4904
X,1,1,Räppe,Kristianstad,RÄP,KRI,Sverige,2025-06-07,4904
2,0,1,Umeå,GIF Sundsvall,UME,SUN,Sverige,2025-06-14,4905
1,3,1,Hammarby TFF,IF Karlstad,HAM,KAR,Sverige,2025-06-14,4905
X,1,1,Norrby,Eskilsminne,NOR,ESK,Sverige,2025-06-14,4905
2,0,2,Rosengård,Ljungskile,ROS,LSK,Sverige,2025-06-14,4905
1,6,1,Ängelholms FF,Husqvarna,ÄNG,HUS,Sverige,2025-06-14,4905
2,0,3,KuPS,Ilves,KUPS,ILV,Finland,2025-06-14,4905
2,1,5,Mariehamn,VPS,MAR,VPS,Finland,2025-06-14,4905
X,2,2,Hödd,Lilleström,ILH,LSK,Norge,2025-06-14,4905
1,4,2,Kongsvinger,Sogndal,KIL,SIL,Norge,2025-06-14,4905
1,3,2,Frankrike,Georgien,FRA,GEO,"Frankrike, Georgien",2025-06-14,4905
1,5,0,Portugal,Polen,POR,POL,"Portugal, Polen",2025-06-14,4905
2,0,1,Slovakien,Italien,SVK,ITA,"Slovakien, Italien",2025-06-14,4905
1,2,1,Spanien,Rumänien,ESP,ROU,"Spanien, Rumänien",2025-06-14,4905
2,2,3,Kalmar,Örgryte,KAL,ÖRG,Sverige,2025-06-22,4906
1,1,0,Landskrona,Örebro,LKB,ÖRE,Sverige,2025-06-22,4906
1,2,1,Oddevold,Varberg,ODD,VBG,Sverige,2025-06-22,4906
2,1,2,IF Karlstad,AFC Eskilstuna,KAR,ESK,Sverige,2025-06-22,4906
2,1,2,Team TG,Haninge,TTG,HAN,Sverige,2025-06-22,4906
1,2,1,Örebro Syrianska,Gefle,ÖSY,GEF,Sverige,2025-06-22,4906
X,1,1,IFK Skövde,Oskarshamn,SKÖ,OSK,Sverige,2025-06-22,4906
2,0,2,Trollhättan,Rosengård,FCT,ROS,Sverige,2025-06-22,4906
2,1,3,Ham-Kam,Tromsö,HAM,TIL,Norge,2025-06-22,4906
1,5,0,KFUM Oslo,Strömsgodset,KFU,STG,Norge,2025-06-22,4906
1,4,1,Kristiansund,Rosenborg,KRI,RBK,Norge,2025-06-22,4906
X,1,1,Sarpsborg,Bryne,SAR,BRY,Norge,2025-06-22,4906
1,3,0,Viking,Fredrikstad FK,VIK,FFK,Norge,2025-06-22,4906
X,2,2,Öster,Sirius,ÖST,SIR,Sverige,2025-06-28,4907
X,1,1,Arlanda,Stockholm Internazionale,ARL,STO,Sverige,2025-06-28,4907
X,2,2,IF Karlstad,Gefle,KAR,GEF,Sverige,2025-06-28,4907
1,2,1,Jönköpings Södra,Trollhättan,JÖN,FCT,Sverige,2025-06-28,4907
1,3,2,Ljungskile,Ängelholms FF,LSK,ÄNG,Sverige,2025-06-28,4907
2,0,2,Olympic,Skövde AIK,OLY,SKÖ,Sverige,2025-06-28,4907
X,0,0,Oskarshamn,Eskilsminne,OSK,ESK,Sverige,2025-06-28,4907
X,1,1,Rosenborg,Viking,RBK,VIK,Norge,2025-06-28,4907
X,0,0,Lilleström,Sogndal,LSK,SIL,Norge,2025-06-28,4907
X,2,2,Odds,IK Start,ODD,STA,Norge,2025-06-28,4907
2,1,2,Stabæk,Ranheim,STB,RIL,Norge,2025-06-28,4907
2,0,4,Haka,Ilves,HAK,ILV,Finland,2025-06-28,4907
1,3,2,Kotka,FF Jaro,KOT,JAR,Finland,2025-06-28,4907
1,2,0,Paris Saint-Germain,Bayern München,PSG,BMÜ,"Frankrike, Tyskland",2025-07-05,4908
1,2,1,Frankrike,England,FRA,ENG,"Frankrike, England",2025-07-05,4908
2,0,3,Wales,Nederländerna,WAL,NED,"Wales, Nederländerna",2025-07-05,4908
1,1,0,Hammarby,Värnamo,HAM,VÄR,Sverige,2025-07-05,4908
X,1,1,Kristiansund,Bodö/Glimt,KRI,B/G,Norge,2025-07-05,4908
1,1,0,Tromsö,Molde,TIL,MFK,Norge,2025-07-05,4908
X,1,1,Vålerenga,Fredrikstad FK,VIF,FFK,Norge,2025-07-05,4908
X,1,1,SJK,Ilves,SEI,ILV,Finland,2025-07-05,4908
2,0,2,VPS,HJK Helsingfors,VPS,HJK,Finland,2025-07-05,4908
1,5,1,Djurgården,Degerfors,DIF,DEG,Sverige,2025-07-05,4908
2,0,2,Elfsborg,Häcken,IFE,HAC,Sverige,2025-07-05,4908
1,2,0,Halmstad,AIK,HBK,AIK,Sverige,2025-07-05,4908
1,3,1,IFK Göteborg,Sirius,IFK,SIR,Sverige,2025-07-05,4908
1,4,1,Sverige,Tyskland,SVE,GER,"Sverige, Tyskland",2025-07-12,4909
1,3,2,Polen,Danmark,POL,DEN,"Polen, Danmark",2025-07-12,4909
1,3,1,Malmö,IFK Norrköping,MAL,NKP,Sverige,2025-07-12,4909
1,2,0,Bodö/Glimt,Sandefjord,B/G,SAN,Norge,2025-07-12,4909
1,4,2,Fredrikstad FK,Molde,FFK,MFK,Norge,2025-07-12,4909
1,3,1,Inter Åbo,FF Jaro,INT,JAR,Finland,2025-07-12,4909
1,2,0,Flamengo,Sao Paulo,FLA,SPA,Brasilien,2025-07-12,4909
2,0,2,Vasco da Gama,Botafogo RJ,VDG,BOT,Brasilien,2025-07-12,4909
1,3,0,AIK,Degerfors,AIK,DEG,Sverige,2025-07-12,4909
1,2,0,Brommapojkarna,Öster,BRO,ÖST,Sverige,2025-07-12,4909
1,3,2,GAIS,Hammarby,GAIS,HAM,Sverige,2025-07-12,4909
1,4,1,Häcken,Halmstad,HAC,HBK,Sverige,2025-07-12,4909
1,1,0,Värnamo,Djurgården,VÄR,DIF,Sverige,2025-07-12,4909
X,1,1,Frankrike,Tyskland,FRA,GER,"Frankrike, Tyskland",2025-07-19,4910
2,0,3,Degerfors,GAIS,DEG,GAIS,Sverige,2025-07-19,4910
2,0,3,Sandviken,Västerås,SAN,VSK,Sverige,2025-07-19,4910
1,4,1,Molde,Strömsgodset,MFK,STG,Norge,2025-07-19,4910
2,2,4,Viking,Bodö/Glimt,VIK,B/G,Norge,2025-07-19,4910
X,1,1,VPS,KuPS,VPS,KUPS,Finland,2025-07-19,4910
X,1,1,Fortaleza,Bahia,FOR,BAH,Brasilien,2025-07-19,4910
X,1,1,Vasco da Gama,Gremio,VDG,GPA,Brasilien,2025-07-19,4910
1,3,0,Mirassol,Santos,MIR,SAN,Brasilien,2025-07-19,4910
X,0,0,Halmstad,Häcken,HBK,HAC,Sverige,2025-07-19,4910
1,3,2,Hammarby,Brommapojkarna,HAM,BRO,Sverige,2025-07-19,4910
1,2,0,Mjällby,AIK,MJÄ,AIK,Sverige,2025-07-19,4910
2,0,1,Sirius,IFK Göteborg,SIR,IFK,Sverige,2025-07-19,4910
X,0,0,Degerfors,IFK Norrköping,DEG,NKP,Sverige,2025-07-26,4911
X,2,2,Brage,Umeå,IKB,UME,Sverige,2025-07-26,4911
1,2,0,FC Köpenhamn,Vejle,FCK,VEJ,Danmark,2025-07-26,4911
2,0,3,Haugesund,Ham-Kam,HAU,HAM,Norge,2025-07-26,4911
2,0,5,Kristiansund,KFUM Oslo,KRI,KFU,Norge,2025-07-26,4911
1,3,2,Sandefjord,Sarpsborg,SAN,SAR,Norge,2025-07-26,4911
2,2,3,Grasshoppers,Luzern,GCZ,FCL,Schweiz,2025-07-26,4911
1,2,1,St. Gallen,Basel,STG,FCB,Schweiz,2025-07-26,4911
1,3,1,Young Boys,Servette,YB,SER,Schweiz,2025-07-26,4911
X,0,0,AIK,Öster,AIK,ÖST,Sverige,2025-07-26,4911
2,1,6,Häcken,Djurgården,HAC,DIF,Sverige,2025-07-26,4911
1,2,1,Mjällby,Sirius,MJÄ,SIR,Sverige,2025-07-26,4911
2,2,3,Värnamo,Hammarby,VÄR,HAM,Sverige,2025-07-26,4911
X,2,2,Värnamo,GAIS,VÄR,GAIS,Sverige,2025-08-02,4912
2,2,5,Sandviken,Brage,SAN,IKB,Sverige,2025-08-02,4912
X,1,1,Gefle,Karlberg,GEF,KAR,Sverige,2025-08-02,4912
2,0,1,Rosengård,Jönköpings Södra,ROS,JÖN,Sverige,2025-08-02,4912
2,0,4,Ängelholms FF,Norrby,ÄNG,NOR,Sverige,2025-08-02,4912
2,1,4,Sarpsborg,Brann,SAR,BRA,Norge,2025-08-02,4912
X,0,0,Tromsö,Fredrikstad FK,TIL,FFK,Norge,2025-08-02,4912
1,2,1,Bradford,Wycombe,BRA,WYW,England,2025-08-02,4912
1,2,1,Burton,Mansfield,BUR,MAT,England,2025-08-02,4912
1,2,0,Lincoln,Reading,LIC,REA,England,2025-08-02,4912
1,2,1,Rotherham,Port Vale,ROT,PVA,England,2025-08-02,4912
2,1,3,Plymouth,Barnsley,PA,BAR,England,2025-08-02,4912
1,3,1,Wigan,Northampton,WIG,NOR,England,2025-08-02,4912
2,0,1,Halmstad,Sirius,HBK,SIR,Sverige,2025-08-09,4913
1,1,0,Middlesbrough,Swansea,MID,SWA,England,2025-08-09,4913
2,1,2,Norwich,Millwall,NOR,MIL,England,2025-08-09,4913
2,0,1,Oxford,Portsmouth,OXU,POR,England,2025-08-09,4913
X,1,1,Queens Park Rangers,Preston,QPR,PRE,England,2025-08-09,4913
2,1,4,Sheffield U,Bristol City,SHU,BRC,England,2025-08-09,4913
1,3,1,Stoke,Derby,STO,DER,England,2025-08-09,4913
1,1,0,West Bromwich,Blackburn,WBA,BLA,England,2025-08-09,4913
1,4,1,Exeter,Blackpool,EXE,BLP,England,2025-08-09,4913
2,1,2,Mansfield,Doncaster,MAT,DON,England,2025-08-09,4913
X,0,0,Northampton,Bradford,NOR,BRA,England,2025-08-09,4913
1,1,0,Stevenage,Rotherham,STE,ROT,England,2025-08-09,4913
2,1,2,Wycombe,Stockport,WYW,STO,England,2025-08-09,4913
2,0,4,Wolverhampton,Manchester City,WOL,MNC,England,2025-08-16,4914
X,1,1,Brighton,Fulham,BHA,FUL,England,2025-08-16,4914
1,3,0,Sunderland,West Ham,SUN,WHU,England,2025-08-16,4914
1,3,0,Tottenham,Burnley,TOT,BUR,England,2025-08-16,4914
2,1,2,Blackburn,Birmingham,BLA,BIR,England,2025-08-16,4914
X,0,0,Bristol City,Charlton,BRC,CHA,England,2025-08-16,4914
2,0,3,Millwall,Middlesbrough,MIL,MID,England,2025-08-16,4914
1,2,1,Preston,Leicester,PRE,LEI,England,2025-08-16,4914
2,0,3,Sheffield W,Stoke,SHW,STO,England,2025-08-16,4914
1,1,0,Swansea,Sheffield U,SWA,SHU,England,2025-08-16,4914
1,2,1,Watford,Queens Park Rangers,WAT,QPR,England,2025-08-16,4914
1,2,1,Bradford,Luton,BRA,LUT,England,2025-08-16,4914
1,2,1,IFK Norrköping,Elfsborg,NKP,IFE,Sverige,2025-08-16,4914
1,5,0,Arsenal,Leeds,ARS,LU,England,2025-08-23,4915
1,1,0,Bournemouth,Wolverhampton,BRN,WOL,England,2025-08-23,4915
1,1,0,Brentford,Aston Villa,BRE,AST,England,2025-08-23,4915
1,2,0,Burnley,Sunderland,BUR,SUN,England,2025-08-23,4915
1,1,0,Birmingham,Oxford,BIR,OXU,England,2025-08-23,4915
1,7,1,Coventry,Queens Park Rangers,COC,QPR,England,2025-08-23,4915
2,1,2,Norwich,Middlesbrough,NOR,MID,England,2025-08-23,4915
1,1,0,Preston,Ipswich,PRE,IPS,England,2025-08-23,4915
2,0,1,Sheffield U,Millwall,SHU,MIL,England,2025-08-23,4915
2,1,2,Southampton,Stoke,SOU,STO,England,2025-08-23,4915
X,1,1,West Bromwich,Portsmouth,WBA,POR,England,2025-08-23,4915
X,1,1,Peterborough ,Bradford,PET,BRA,England,2025-08-23,4915
1,2,0,Wimbledon,Barnsley,WIM,BAR,England,2025-08-23,4915
X,0,0,Leeds,Newcastle,LU,NEW,England,2025-08-30,4916
2,0,1,Tottenham,Bournemouth,TOT,BRN,England,2025-08-30,4916
1,3,2,Manchester United,Burnley,MNU,BUR,England,2025-08-30,4916
2,2,3,Wolverhampton,Everton,WOL,EVE,England,2025-08-30,4916
1,2,1,Sunderland,Brentford,SUN,BRE,England,2025-08-30,4916
2,0,2,Blackburn,Norwich,BLA,NOR,England,2025-08-30,4916
1,4,2,Bristol City,Hull,BRC,HUL,England,2025-08-30,4916
X,2,2,Ipswich,Derby,IPS,DER,England,2025-08-30,4916
2,0,2,Millwall,Wrexham,MIL,WRE,England,2025-08-30,4916
X,2,2,Oxford,Coventry,OXU,COC,England,2025-08-30,4916
1,1,0,Portsmouth,Preston,POR,PRE,England,2025-08-30,4916
X,2,2,Watford,Southampton,WAT,SOU,England,2025-08-30,4916
1,3,1,Barnsley,Huddersfield,BAR,HUD,England,2025-08-30,4916
X,2,2,Irland,Ungern,IRL,HUN,"Irland, Ungern",2025-09-06,4917
1,3,0,Bolton,Wimbledon,BOL,WIM,England,2025-09-06,4917
1,3,1,Doncaster,Bradford,DON,BRA,England,2025-09-06,4917
1,3,2,Huddersfield,Peterborough ,HUD,PET,England,2025-09-06,4917
X,2,2,Lincoln,Wigan,LIC,WIG,England,2025-09-06,4917
1,4,2,Plymouth,Stockport,PA,STO,England,2025-09-06,4917
2,2,3,Port Vale,Leyton Orient,PVA,LEY,England,2025-09-06,4917
1,1,0,Rotherham,Exeter,ROT,EXE,England,2025-09-06,4917
1,2,0,Wycombe,Mansfield,WYW,MAT,England,2025-09-06,4917
2,2,3,Milton Keynes Dons,Grimsby,MKD,GRI,England,2025-09-06,4917
1,1,0,Notts County,Fleetwood,NOC,FLE,England,2025-09-06,4917
1,3,1,Salford,Tranmere,SAL,TRA,England,2025-09-06,4917
1,1,0,Walsall,Chesterfield,WAL,CHE,England,2025-09-06,4917
X,2,2,Brentford,Chelsea,BRE,CHE,England,2025-09-13,4918
2,0,3,West Ham,Tottenham,WHU,TOT,England,2025-09-13,4918
X,0,0,Everton,Aston Villa,EVE,AST,England,2025-09-13,4918
1,1,0,Newcastle,Wolverhampton,NEW,WOL,England,2025-09-13,4918
1,1,0,Fulham,Leeds,FUL,LU,England,2025-09-13,4918
1,2,1,Bournemouth,Brighton,BRN,BHA,England,2025-09-13,4918
X,0,0,Crystal Palace,Sunderland,PAL,SUN,England,2025-09-13,4918
2,0,3,Sheffield W,Bristol City,SHW,BRC,England,2025-09-13,4918
1,1,0,Stoke,Birmingham,STO,BIR,England,2025-09-13,4918
X,2,2,Swansea,Hull,SWA,HUL,England,2025-09-13,4918
2,0,1,Watford,Blackburn,WAT,BLA,England,2025-09-13,4918
2,0,1,West Bromwich,Derby,WBA,DER,England,2025-09-13,4918
2,1,3,Wrexham,Queens Park Rangers,WRE,QPR,England,2025-09-13,4918
1,3,1,Fulham,Brentford,FUL,BRE,England,2025-09-20,4919
1,2,1,Manchester United,Chelsea,MNU,CHE,England,2025-09-20,4919
X,2,2,Brighton,Tottenham,BHA,TOT,England,2025-09-20,4919
2,1,2,West Ham,Crystal Palace,WHU,PAL,England,2025-09-20,4919
2,1,3,Wolverhampton,Leeds,WOL,LU,England,2025-09-20,4919
X,1,1,Burnley,Nottingham,BUR,NOF,England,2025-09-20,4919
X,0,0,Blackburn,Ipswich,BLA,IPS,England,2025-09-20,4919
2,0,1,Derby,Preston,DER,PRE,England,2025-09-20,4919
1,3,1,Hull,Southampton,HUL,SOU,England,2025-09-20,4919
2,2,3,Norwich,Wrexham,NOR,WRE,England,2025-09-20,4919
2,0,2,Portsmouth,Sheffield W,POR,SHW,England,2025-09-20,4919
2,0,1,Sheffield U,Charlton,SHU,CHA,England,2025-09-20,4919
2,1,3,Cardiff,Bradford,CAR,BRA,England,2025-09-20,4919
X,1,1,Tottenham,Wolverhampton,TOT,WOL,England,2025-09-27,4920
2,0,1,Nottingham,Sunderland,NOF,SUN,England,2025-09-27,4920
2,1,3,Chelsea,Brighton,CHE,BHA,England,2025-09-27,4920
1,2,1,Crystal Palace,Liverpool,PAL,LFC,England,2025-09-27,4920
1,5,1,Manchester City,Burnley,MNC,BUR,England,2025-09-27,4920
X,2,2,Leeds,Bournemouth,LU,BRN,England,2025-09-27,4920
1,3,0,Charlton,Blackburn,CHA,BLA,England,2025-09-27,4920
2,0,1,Oxford,Sheffield U,OXU,SHU,England,2025-09-27,4920
X,0,0,Preston,Bristol City,PRE,BRC,England,2025-09-27,4920
X,1,1,Sheffield W,Queens Park Rangers,SHW,QPR,England,2025-09-27,4920
X,1,1,Southampton,Middlesbrough,SOU,MID,England,2025-09-27,4920
X,1,1,Stoke,Norwich,STO,NOR,England,2025-09-27,4920
1,2,1,Watford,Hull,WAT,HUL,England,2025-09-27,4920
1,2,1,Chelsea,Liverpool,CHE,LFC,England,2025-10-04,4921
1,2,0,Arsenal,West Ham,ARS,WHU,England,2025-10-04,4921
1,2,0,Manchester United,Sunderland,MNU,SUN,England,2025-10-04,4921
2,1,2,Bristol City,Queens Park Rangers,BRC,QPR,England,2025-10-04,4921
X,1,1,Derby,Southampton,DER,SOU,England,2025-10-04,4921
1,3,0,Millwall,West Bromwich,MIL,WBA,England,2025-10-04,4921
1,1,0,Portsmouth,Middlesbrough,POR,MID,England,2025-10-04,4921
1,2,0,Preston,Charlton,PRE,CHA,England,2025-10-04,4921
2,1,3,Swansea,Leicester,SWA,LEI,England,2025-10-04,4921
1,2,1,Watford,Oxford,WAT,OXU,England,2025-10-04,4921
2,1,2,Huddersfield,Stockport,HUD,STO,England,2025-10-04,4921
X,1,1,Plymouth,Wigan,PA,WIG,England,2025-10-04,4921
1,2,0,Stevenage,Luton,STE,LUT,England,2025-10-04,4921
X,1,1,Wimbledon,Port Vale,WIM,PVA,England,2025-10-11,4922
1,3,0,Burton,Bolton,BUR,BOL,England,2025-10-11,4922
X,1,1,Exeter,Reading,EXE,REA,England,2025-10-11,4922
1,4,0,Leyton Orient,Doncaster,LEY,DON,England,2025-10-11,4922
1,1,0,Stockport,Blackpool,STO,BLP,England,2025-10-11,4922
2,0,1,Wigan,Wycombe,WIG,WYW,England,2025-10-11,4922
2,0,4,Bristol Rovers,Milton Keynes Dons,BR,MKD,England,2025-10-11,4922
1,2,0,Chesterfield,Salford,CHE,SAL,England,2025-10-11,4922
X,1,1,Crawley Town,Walsall,CRA,WAL,England,2025-10-11,4922
1,3,2,Fleetwood,Harrogate,FLE,HTO,England,2025-10-11,4922
2,1,2,Grimsby,Colchester,GRI,COL,England,2025-10-11,4922
1,2,0,Shrewsbury,Cambridge,SHR,CAM,England,2025-10-11,4922
2,0,2,Tranmere,Barnet,TRA,BAR,England,2025-10-11,4922
2,0,1,Fulham,Arsenal,FUL,ARS,England,2025-10-18,4923
1,2,1,Brighton,Newcastle,BHA,NEW,England,2025-10-18,4923
1,2,0,Manchester City,Everton,MNC,EVE,England,2025-10-18,4923
1,2,0,Burnley,Leeds,BUR,LU,England,2025-10-18,4923
X,3,3,Crystal Palace,Bournemouth,PAL,BRN,England,2025-10-18,4923
1,2,0,Sunderland,Wolverhampton,SUN,WOL,England,2025-10-18,4923
2,2,3,Birmingham,Hull,BIR,HUL,England,2025-10-18,4923
1,2,1,Charlton,Sheffield W,CHA,SHW,England,2025-10-18,4923
1,2,0,Coventry,Blackburn,COC,BLA,England,2025-10-18,4923
2,0,1,Norwich,Bristol City,NOR,BRC,England,2025-10-18,4923
1,1,0,Sheffield U,Watford,SHU,WAT,England,2025-10-18,4923
1,1,0,Stoke,Wrexham,STO,WRE,England,2025-10-18,4923
1,2,1,West Bromwich,Preston,WBA,PRE,England,2025-10-18,4923
1,3,2,Brentford,Liverpool,BRE,LFC,England,2025-10-25,4924
1,4,2,Manchester United,Brighton,MNU,BHA,England,2025-10-25,4924
2,1,2,Chelsea,Sunderland,CHE,SUN,England,2025-10-25,4924
1,2,1,Newcastle,Fulham,NEW,FUL,England,2025-10-25,4924
1,2,1,Blackburn,Southampton,BLA,SOU,England,2025-10-25,4924
1,1,0,Bristol City,Birmingham,BRC,BIR,England,2025-10-25,4924
1,1,0,Derby,Queens Park Rangers,DER,QPR,England,2025-10-25,4924
X,1,1,Hull,Charlton,HUL,CHA,England,2025-10-25,4924
X,1,1,Middlesbrough,Wrexham,MID,WRE,England,2025-10-25,4924
1,1,0,Millwall,Leicester,MIL,LEI,England,2025-10-25,4924
2,1,2,Sheffield W,Oxford,SHW,OXU,England,2025-10-25,4924
1,2,1,Swansea,Norwich,SWA,NOR,England,2025-10-25,4924
X,1,1,Stevenage,Bradford,STE,BRA,England,2025-10-25,4924
1,2,0,Liverpool,Aston Villa,LFC,AST,England,2025-11-01,4925
2,0,1,Tottenham,Chelsea,TOT,CHE,England,2025-11-01,4925
2,0,2,Burnley,Arsenal,BUR,ARS,England,2025-11-01,4925
1,3,0,Brighton,Leeds,BHA,LU,England,2025-11-01,4925
X,2,2,Nottingham,Manchester United,NOF,MNU,England,2025-11-01,4925
1,3,0,Fulham,Wolverhampton,FUL,WOL,England,2025-11-01,4925
1,2,0,Crystal Palace,Brentford,PAL,BRE,England,2025-11-01,4925
1,4,0,Birmingham,Portsmouth,BIR,POR,England,2025-11-01,4925
X,1,1,Charlton,Swansea,CHA,SWA,England,2025-11-01,4925
2,1,4,Queens Park Rangers,Ipswich,QPR,IPS,England,2025-11-01,4925
2,0,2,Southampton,Preston,SOU,PRE,England,2025-11-01,4925
1,5,1,Stoke,Bristol City,STO,BRC,England,2025-11-01,4925
1,3,0,Watford,Middlesbrough,WAT,MID,England,2025-11-01,4925
1,3,0,Chelsea,Wolverhampton,CHE,WOL,England,2025-11-08,4926
X,2,2,Sunderland,Arsenal,SUN,ARS,England,2025-11-08,4926
1,2,0,Everton,Fulham,EVE,FUL,England,2025-11-08,4926
1,3,2,West Ham,Burnley,WHU,BUR,England,2025-11-08,4926
1,2,1,Middlesbrough,Birmingham,MID,BIR,England,2025-11-08,4926
2,1,2,Norwich,Leicester,NOR,LEI,England,2025-11-08,4926
X,0,0,Sheffield U,Queens Park Rangers,SHU,QPR,England,2025-11-08,4926
1,3,1,Southampton,Sheffield W,SOU,SHW,England,2025-11-08,4926
2,0,1,Stoke,Coventry,STO,COC,England,2025-11-08,4926
2,1,4,Swansea,Ipswich,SWA,IPS,England,2025-11-08,4926
1,2,1,West Bromwich,Oxford,WBA,OXU,England,2025-11-08,4926
1,1,0,Wrexham,Charlton,WRE,CHA,England,2025-11-08,4926
1,5,0,Peterborough ,Wimbledon,PET,WIM,England,2025-11-08,4926
1,4,1,Schweiz,Sverige,SUI,SVE,"Schweiz, Sverige",2025-11-15,4927
2,0,2,Slovenien,Kosovo,SLO,KOS,"Slovenien, Kosovo",2025-11-15,4927
1,3,1,Bosnien & Hercegovina,Rumänien,BIH,ROU,"Bosnien och Hercegovina, Rumänien",2025-11-15,4927
1,3,2,Grekland,Skottland,GRE,SCO,"Grekland, Skottland",2025-11-15,4927
1,1,0,Burton,Blackpool,BUR,BLP,England,2025-11-15,4927
1,2,1,Leyton Orient,Exeter,LEY,EXE,England,2025-11-15,4927
1,2,1,Lincoln,Doncaster,LIC,DON,England,2025-11-15,4927
X,0,0,Luton,Rotherham,LUT,ROT,England,2025-11-15,4927
X,0,0,Port Vale,Wycombe,PVA,WYW,England,2025-11-15,4927
X,0,0,Cambridge,Barnet,CAM,BAR,England,2025-11-15,4927
1,2,0,Milton Keynes Dons,Salford,MKD,SAL,England,2025-11-15,4927
2,0,1,Grimsby,Chesterfield,GRI,CHE,England,2025-11-15,4927
X,0,0,Oldham,Crewe,OLD,CRA,England,2025-11-15,4927
1,2,1,Newcastle,Manchester City,NEW,MNC,England,2025-11-22,4928
2,0,3,Liverpool,Nottingham,LFC,NOF,England,2025-11-22,4928
X,2,2,Bournemouth,West Ham,BRN,WHU,England,2025-11-22,4928
1,2,1,Brighton,Brentford,BHA,BRE,England,2025-11-22,4928
1,1,0,Fulham,Sunderland,FUL,SUN,England,2025-11-22,4928
2,0,2,Wolverhampton,Crystal Palace,WOL,PAL,England,2025-11-22,4928
1,4,1,Birmingham,Norwich,BIR,NOR,England,2025-11-22,4928
2,2,3,Derby,Watford,DER,WAT,England,2025-11-22,4928
X,0,0,Ipswich,Wrexham,IPS,WRE,England,2025-11-22,4928
1,2,1,Leicester,Stoke,LEI,STO,England,2025-11-22,4928
X,1,1,Oxford,Middlesbrough,OXU,MID,England,2025-11-22,4928
1,3,1,Portsmouth,Millwall,POR,MIL,England,2025-11-22,4928
1,3,2,Queens Park Rangers,Hull,QPR,HUL,England,2025-11-22,4928
2,1,2,Tottenham,Fulham,TOT,FUL,England,2025-11-29,4929
2,1,4,Everton,Newcastle,EVE,NEW,England,2025-11-29,4929
1,3,2,Manchester City,Leeds,MNC,LU,England,2025-11-29,4929
1,3,1,Brentford,Burnley,BRE,BUR,England,2025-11-29,4929
1,3,2,Sunderland,Bournemouth,SUN,BRN,England,2025-11-29,4929
1,3,1,Coventry,Charlton,COC,CHA,England,2025-11-29,4929
1,3,2,Millwall,Southampton,MIL,SOU,England,2025-11-29,4929
1,2,1,Middlesbrough,Derby,MID,DER,England,2025-11-29,4929
1,3,1,Norwich,Queens Park Rangers,NOR,QPR,England,2025-11-29,4929
2,2,3,Sheffield W,Preston,SHW,PRE,England,2025-11-29,4929
1,3,2,West Bromwich,Swansea,WBA,SWA,England,2025-11-29,4929
X,1,1,Wrexham,Blackburn,WRE,BLA,England,2025-11-29,4929
X,1,1,Luton,Bolton,LUT,BOL,England,2025-11-29,4929
X,3,3,Leeds,Liverpool,LU,LFC,England,2025-12-06,4930
X,0,0,Bournemouth,Chelsea,BRN,CHE,England,2025-12-06,4930
1,3,0,Manchester City,Sunderland,MNC,SUN,England,2025-12-06,4930
1,2,0,Tottenham,Brentford,TOT,BRE,England,2025-12-06,4930
1,3,0,Everton,Nottingham,EVE,NOF,England,2025-12-06,4930
1,2,1,Newcastle,Burnley,NEW,BUR,England,2025-12-06,4930
2,0,1,Bristol City,Millwall,BRC,MIL,England,2025-12-06,4930
1,3,0,Ipswich,Coventry,IPS,COC,England,2025-12-06,4930
X,1,1,Preston,Wrexham,PRE,WRE,England,2025-12-06,4930
1,3,1,Queens Park Rangers,West Bromwich,QPR,WBA,England,2025-12-06,4930
1,4,0,Sheffield U,Stoke,SHU,STO,England,2025-12-06,4930
1,3,1,Southampton,Birmingham,SOU,BIR,England,2025-12-06,4930
1,2,0,Swansea,Oxford,SWA,OXU,England,2025-12-06,4930
1,2,1,Arsenal,Wolverhampton,ARS,WOL,England,2025-12-13,4931
2,2,3,Burnley,Fulham,BUR,FUL,England,2025-12-13,4931
1,2,0,Liverpool,Brighton,LFC,BHA,England,2025-12-13,4931
1,2,0,Chelsea,Everton,CHE,EVE,England,2025-12-13,4931
X,1,1,Birmingham,Charlton,BIR,CHA,England,2025-12-13,4931
1,1,0,Coventry,Bristol City,COC,BRC,England,2025-12-13,4931
1,3,1,Leicester,Ipswich,LEI,IPS,England,2025-12-13,4931
1,3,1,Middlesbrough,Queens Park Rangers,MID,QPR,England,2025-12-13,4931
2,1,3,Millwall,Hull,MIL,HUL,England,2025-12-13,4931
1,2,1,Portsmouth,Blackburn,POR,BLA,England,2025-12-13,4931
X,2,2,Wrexham,Watford,WRE,WAT,England,2025-12-13,4931
1,3,2,Barnsley,Leyton Orient,BAR,LEY,England,2025-12-13,4931
2,1,3,Stockport,Stevenage,STO,STE,England,2025-12-13,4931
2,0,1,Everton,Arsenal,EVE,ARS,England,2025-12-20,4932
1,4,1,Leeds,Crystal Palace,LU,PAL,England,2025-12-20,4932
2,1,2,Tottenham,Liverpool,TOT,LFC,England,2025-12-20,4932
1,3,0,Manchester City,West Ham,MNC,WHU,England,2025-12-20,4932
X,0,0,Brighton,Sunderland,BHA,SUN,England,2025-12-20,4932
X,1,1,Bournemouth,Burnley,BRN,BUR,England,2025-12-20,4932
2,0,2,Wolverhampton,Brentford,WOL,BRE,England,2025-12-20,4932
1,2,0,Bristol City,Middlesbrough,BRC,MID,England,2025-12-20,4932
X,1,1,Derby,Portsmouth,DER,POR,England,2025-12-20,4932
1,1,0,Hull,West Bromwich,HUL,WBA,England,2025-12-20,4932
1,4,1,Queens Park Rangers,Leicester,QPR,LEI,England,2025-12-20,4932
1,3,0,Sheffield U,Birmingham,SHU,BIR,England,2025-12-20,4932
1,1,0,Watford,Stoke,WAT,STO,England,2025-12-20,4932
2,1,2,Chelsea,Aston Villa,CHE,AST,England,2025-12-27,4933
1,2,1,Arsenal,Brighton,ARS,BHA,England,2025-12-27,4933
1,2,1,Liverpool,Wolverhampton,LFC,WOL,England,2025-12-27,4933
2,0,1,West Ham,Fulham,WHU,FUL,England,2025-12-27,4933
X,0,0,Burnley,Everton,BUR,EVE,England,2025-12-27,4933
1,4,1,Brentford,Bournemouth,BRE,BRN,England,2025-12-27,4933
2,0,2,Pisa,Juventus,PIS,JUV,Italien,2025-12-27,4933
X,1,1,Udinese,Lazio,UDI,LAZ,Italien,2025-12-27,4933
X,1,1,Aberdeen,Dundee U,ABE,DUN,Skottland,2025-12-27,4933
1,1,0,Dundee FC,Falkirk,DUN,FAL,Skottland,2025-12-27,4933
1,1,0,Rangers,Motherwell,RAN,MOT,Skottland,2025-12-27,4933
X,0,0,St. Mirren,Kilmarnock,MIR,KIL,Skottland,2025-12-27,4933
X,0,0,Raal La Louviere,OH Leuven,RAA,OHE,Belgien,2025-12-27,4933
X,1,1,Manchester City,Chelsea,MNC,CHE,England,2026-01-04,4934
X,2,2,Fulham,Liverpool,FUL,LFC,England,2026-01-04,4934
X,1,1,Tottenham,Sunderland,TOT,SUN,England,2026-01-04,4934
1,2,0,Newcastle,Crystal Palace,NEW,PAL,England,2026-01-04,4934
2,2,4,Everton,Brentford,EVE,BRE,England,2026-01-04,4934
X,2,2,Blackburn,Charlton,BLA,CHA,England,2026-01-04,4934
2,0,2,Bristol City,Preston,BRC,PRE,England,2026-01-04,4934
2,1,2,Derby,Wrexham,DER,WRE,England,2026-01-04,4934
2,0,0,Hull,Watford,HUL,WAT,England,2026-01-04,4934
1,4,0,Middlesbrough,Southampton,MID,SOU,England,2026-01-04,4934
1,2,1,Millwall,Swansea,MIL,SWA,England,2026-01-04,4934
2,0,2,Norwich,Stoke,NOR,STO,England,2026-01-04,4934
2,0,0,Portsmouth,Ipswich,POR,IPS,England,2026-01-04,4934
2,1,5,Charlton,Chelsea,CHA,CHE,England,2026-01-10,4935
2,1,2,Tottenham,Aston Villa,TOT,AST,England,2026-01-10,4935
X,2,2,Newcastle,Bournemouth,NEW,BRN,England,2026-01-10,4935
1,3,1,Fulham,Middlesbrough,FUL,MID,England,2026-01-10,4935
1,5,1,Bristol City,Watford,BRC,WAT,England,2026-01-10,4935
1,1,0,Stoke,Coventry,STO,COC,England,2026-01-10,4935
2,2,3,Doncaster,Southampton,DON,SOU,England,2026-01-10,4935
2,2,3,Cambridge,Birmingham,CAM,BIR,England,2026-01-10,4935
1,5,1,Burnley,Millwall,BUR,MIL,England,2026-01-10,4935
X,0,0,Salford,Swindon,SAL,SWI,England,2026-01-10,4935
2,0,0,Bradford,Rotherham,BRA,ROT,England,2026-01-10,4935
X,1,1,Leyton Orient,Cardiff,LEY,CAR,England,2026-01-10,4935
1,3,1,Peterborough ,Bolton,PET,BOL,England,2026-01-10,4935
X,0,0,Nottingham,Arsenal,NOF,ARS,England,2026-01-17,4936
1,2,0,Chelsea,Brentford,CHE,BRE,England,2026-01-17,4936
1,1,0,Leeds,Fulham,LU,FUL,England,2026-01-17,4936
X,1,1,Liverpool,Burnley,LFC,BUR,England,2026-01-17,4936
2,1,2,Tottenham,West Ham,TOT,WHU,England,2026-01-17,4936
1,2,1,Sunderland,Crystal Palace,SUN,PAL,England,2026-01-17,4936
1,1,0,Charlton,Sheffield U,CHA,SHU,England,2026-01-17,4936
X,0,0,Oxford,Bristol City,OXU,BRC,England,2026-01-17,4936
2,0,1,Preston,Derby,PRE,DER,England,2026-01-17,4936
2,1,2,Southampton,Hull,SOU,HUL,England,2026-01-17,4936
X,0,0,Stoke,Queens Park Rangers,STO,QPR,England,2026-01-17,4936
X,1,1,Swansea,Birmingham,SWA,BIR,England,2026-01-17,4936
2,1,2,Wrexham,Norwich,WRE,NOR,England,2026-01-17,4936
1,3,2,Bournemouth,Liverpool,BRN,LFC,England,2026-01-24,4937
X,2,2,Burnley,Tottenham,BUR,TOT,England,2026-01-24,4937
1,2,1,Fulham,Brighton,FUL,BHA,England,2026-01-24,4937
1,2,0,Manchester City,Wolverhampton,MNC,WOL,England,2026-01-24,4937
X,1,1,Blackburn,Watford,BLA,WAT,England,2026-01-24,4937
X,1,1,Birmingham,Stoke,BIR,STO,England,2026-01-24,4937
1,2,1,Hull,Swansea,HUL,SWA,England,2026-01-24,4937
2,1,2,Leicester,Oxford,LEI,OXU,England,2026-01-24,4937
2,2,3,Queens Park Rangers,Wrexham,QPR,WRE,England,2026-01-24,4937
1,3,1,Sheffield U,Ipswich,SHU,IPS,England,2026-01-24,4937
X,2,2,Reading,Barnsley,REA,BAR,England,2026-01-24,4937
X,1,1,Rotherham,Wimbledon,ROT,WIM,England,2026-01-24,4937
2,0,2,Wycombe,Peterborough ,WYW,PET,England,2026-01-24,4937
1,4,1,Liverpool,Newcastle,LFC,NEW,England,2026-01-31,4938
1,3,2,Chelsea,West Ham,CHE,WHU,England,2026-01-31,4938
2,0,4,Leeds,Arsenal,LU,ARS,England,2026-01-31,4938
X,1,1,Brighton,Everton,BHA,EVE,England,2026-01-31,4938
2,0,2,Wolverhampton,Bournemouth,WOL,BRN,England,2026-01-31,4938
2,0,1,Blackburn,Hull,BLA,HUL,England,2026-01-31,4938
X,1,1,Ipswich,Preston,IPS,PRE,England,2026-01-31,4938
1,1,0,Middlesbrough,Norwich,MID,NOR,England,2026-01-31,4938
X,1,1,Millwall,Sheffield U,MIL,SHU,England,2026-01-31,4938
2,0,2,Oxford,Birmingham,OXU,BIR,England,2026-01-31,4938
1,3,0,Portsmouth,West Bromwich,POR,WBA,England,2026-01-31,4938
1,2,1,Queens Park Rangers,Coventry,QPR,COC,England,2026-01-31,4938
2,0,2,Watford,Swansea,WAT,SWA,England,2026-01-31,4938
2,2,3,Newcastle,Brentford,NEW,BRE,England,2026-02-07,4939
1,3,0,Arsenal,Sunderland,ARS,SUN,England,2026-02-07,4939
2,1,3,Wolverhampton,Chelsea,WOL,CHE,England,2026-02-07,4939
2,1,2,Fulham,Everton,FUL,EVE,England,2026-02-07,4939
X,1,1,Bournemouth,Aston Villa,BRN,AST,England,2026-02-07,4939
2,0,2,Burnley,West Ham,BUR,WHU,England,2026-02-07,4939
1,2,1,Birmingham,Leicester,BIR,LEI,England,2026-02-07,4939
X,0,0,Coventry,Oxford,COC,OXU,England,2026-02-07,4939
2,2,3,Hull,Bristol City,HUL,BRC,England,2026-02-07,4939
1,1,0,Preston,Portsmouth,PRE,POR,England,2026-02-07,4939
X,0,0,West Bromwich,Stoke,WBA,STO,England,2026-02-07,4939
2,0,2,Wrexham,Millwall,WRE,MIL,England,2026-02-07,4939
1,3,2,Wimbledon,Reading,WIM,REA,England,2026-02-07,4939
1,3,0,Liverpool,Brighton,LFC,BHA,England,2026-02-14,4940
2,1,3,Aston Villa,Newcastle,AST,NEW,England,2026-02-14,4940
X,1,1,Southampton,Leicester,SOU,LEI,England,2026-02-14,4940
2,1,2,Burnley,Mansfield,BUR,MAT,England,2026-02-14,4940
1,3,1,Norwich,West Bromwich,NOR,WBA,England,2026-02-14,4940
2,0,0,Port Vale,Bristol City,PVA,BRC,England,2026-02-14,4940
1,2,0,Derby,Swansea,DER,SWA,England,2026-02-14,4940
2,0,1,Portsmouth,Sheffield U,POR,SHU,England,2026-02-14,4940
X,2,2,Preston,Watford,PRE,WAT,England,2026-02-14,4940
2,1,3,Queens Park Rangers,Blackburn,QPR,BLA,England,2026-02-14,4940
1,2,0,Bradford,Peterborough ,BRA,PET,England,2026-02-14,4940
1,3,1,Cardiff,Luton,CAR,LUT,England,2026-02-14,4940
X,1,1,Lincoln,Bolton,LIC,BOL,England,2026-02-14,4940
1,2,1,Manchester City,Newcastle,MNC,NEW,England,2026-02-21,4941
X,0,0,West Ham,Bournemouth,WHU,BRN,England,2026-02-21,4941
X,1,1,Aston Villa,Leeds,AST,LU,England,2026-02-21,4941
X,1,1,Chelsea,Burnley,CHE,BUR,England,2026-02-21,4941
2,0,2,Brentford,Brighton,BRE,BHA,England,2026-02-21,4941
X,0,0,Middlesbrough,Oxford,MID,OXU,England,2026-02-21,4941
2,1,3,Millwall,Portsmouth,MIL,POR,England,2026-02-21,4941
2,1,2,Norwich,Birmingham,NOR,BIR,England,2026-02-21,4941
X,1,1,Southampton,Charlton,SOU,CHA,England,2026-02-21,4941
1,2,0,Watford,Derby,WAT,DER,England,2026-02-21,4941
1,5,3,Wrexham,Ipswich,WRE,IPS,England,2026-02-21,4941
2,0,2,Mansfield,Lincoln,MAT,LIC,England,2026-02-21,4941
1,3,1,Wimbledon,Bradford,WIM,BRA,England,2026-02-21,4941
2,0,1,Leeds,Manchester City,LU,MNC,England,2026-02-28,4942
1,5,2,Liverpool,West Ham,LFC,WHU,England,2026-02-28,4942
2,2,3,Newcastle,Everton,NEW,EVE,England,2026-02-28,4942
2,3,4,Burnley,Brentford,BUR,BRE,England,2026-02-28,4942
2,0,1,Charlton,Wrexham,CHA,WRE,England,2026-02-28,4942
1,2,1,Coventry,Stoke,COC,STO,England,2026-02-28,4942
1,3,0,Ipswich,Swansea,IPS,SWA,England,2026-02-28,4942
1,2,1,Oxford,West Bromwich,OXU,WBA,England,2026-02-28,4942
2,0,2,Preston,Millwall,PRE,MIL,England,2026-02-28,4942
2,0,2,Queens Park Rangers,Sheffield U,QPR,SHU,England,2026-02-28,4942
X,2,2,Mansfield,Wimbledon,MAT,WIM,England,2026-02-28,4942
1,2,1,Reading,Bradford,REA,BRA,England,2026-02-28,4942
1,2,1,Stevenage,Stockport,STE,STO,England,2026-02-28,4942
2,1,3,Newcastle,Manchester City,NEW,MNC,England,2026-03-07,4943
X,2,2,Wrexham,Chelsea,WRE,CHE,England,2026-03-07,4943
1,1,0,Charlton,Birmingham,CHA,BIR,England,2026-03-07,4943
X,1,1,Ipswich,Leicester,IPS,LEI,England,2026-03-07,4943
X,1,1,Sheffield U,West Bromwich,SHU,WBA,England,2026-03-07,4943
1,2,0,Swansea,Stoke,SWA,STO,England,2026-03-07,4943
1,2,1,Barnsley,Exeter,BAR,EXE,England,2026-03-07,4943
X,1,1,Blackpool,Wigan,BLP,WIG,England,2026-03-07,4943
1,3,2,Bolton,Wycombe,BOL,WYW,England,2026-03-07,4943
1,2,1,Bradford,Leyton Orient,BRA,LEY,England,2026-03-07,4943
2,0,1,Burton,Stevenage,BUR,STE,England,2026-03-07,4943
2,2,3,Luton,Reading,LUT,REA,England,2026-03-07,4943
1,2,1,Plymouth,Doncaster,PA,DON,England,2026-03-07,4943
X,1,1,West Ham,Manchester City,WHU,MNC,England,2026-03-14,4944
1,2,0,Arsenal,Everton,ARS,EVE,England,2026-03-14,4944
2,0,1,Chelsea,Newcastle,CHE,NEW,England,2026-03-14,4944
2,0,1,Sunderland,Brighton,SUN,BHA,England,2026-03-14,4944
X,0,0,Burnley,Bournemouth,BUR,BRN,England,2026-03-14,4944
X,1,1,Birmingham,Sheffield U,BIR,SHU,England,2026-03-14,4944
2,1,3,Leicester,Queens Park Rangers,LEI,QPR,England,2026-03-14,4944
2,1,2,Millwall,Blackburn,MIL,BLA,England,2026-03-14,4944
1,2,0,Norwich,Preston,NOR,PRE,England,2026-03-14,4944
1,3,1,Stoke,Watford,STO,WAT,England,2026-03-14,4944
1,3,0,West Bromwich,Hull,WBA,HUL,England,2026-03-14,4944
X,2,2,Reading,Plymouth,REA,PA,England,2026-03-14,4944
2,1,2,Wycombe,Luton,WYW,LUT,England,2026-03-14,4944
X,0,0,Leeds,Brentford,LU,BRE,England,2026-03-21,4945
1,3,0,Everton,Chelsea,EVE,CHE,England,2026-03-21,4945
1,3,1,Fulham,Burnley,FUL,BUR,England,2026-03-21,4945
2,0,1,Bristol City,West Bromwich,BRC,WBA,England,2026-03-21,4945
2,0,1,Charlton,Norwich,CHA,NOR,England,2026-03-21,4945
1,6,1,Queens Park Rangers,Portsmouth,QPR,POR,England,2026-03-21,4945
2,1,2,Sheffield U,Wrexham,SHU,WRE,England,2026-03-21,4945
1,2,0,Southampton,Oxford,SOU,OXU,England,2026-03-21,4945
2,0,3,Swansea,Coventry,SWA,COC,England,2026-03-21,4945
X,0,0,Watford,Leicester,WAT,LEI,England,2026-03-21,4945
1,3,1,Plymouth,Huddersfield,PA,HUD,England,2026-03-21,4945
1,1,0,Stevenage,Reading,STE,REA,England,2026-03-21,4945
X,1,1,Wimbledon,Peterborough ,WIM,PET,England,2026-03-21,4945
1,1,0,Blackpool,Burton,BLP,BUR,England,2026-03-28,4946
X,0,0,Exeter,Leyton Orient,EXE,LEY,England,2026-03-28,4946
1,3,0,Reading,Wigan,REA,WIG,England,2026-03-28,4946
1,3,0,Stockport,Wimbledon,STO,WIM,England,2026-03-28,4946
1,4,0,Wycombe,Port Vale,WYW,PVA,England,2026-03-28,4946
1,1,0,Barnet,Cambridge,BAR,CAM,England,2026-03-28,4946
1,2,0,Bristol Rovers,Accrington,BR,ACC,England,2026-03-28,4946
X,1,1,Colchester,Walsall,COL,WAL,England,2026-03-28,4946
1,2,0,Crawley Town,Gillingham,CRA,GIL,England,2026-03-28,4946
1,2,1,Crewe,Oldham,CRA,OLD,England,2026-03-28,4946
1,1,0,Newport,Shrewsbury,NC,SHR,England,2026-03-28,4946
1,1,0,Salford,Milton Keynes Dons,SAL,MKD,England,2026-03-28,4946
X,1,1,Swindon,Fleetwood,SWI,FLE,England,2026-03-28,4946
1,2,1,Southampton,Arsenal,SOU,ARS,England,2026-04-04,4947
1,7,0,Chelsea,Port Vale,CHE,PVA,England,2026-04-04,4947
2,1,2,Atlético Madrid,Barcelona,ATM,BAR,Spanien,2026-04-04,4947
1,2,1,Mallorca,Real Madrid,MAL,RMA,Spanien,2026-04-04,4947
X,0,0,Real Betis,Espanyol,RBB,ESP,Spanien,2026-04-04,4947
X,1,1,Lazio,Parma,LAZ,PAR,Italien,2026-04-04,4947
2,0,1,Verona,Fiorentina,VER,FIO,Italien,2026-04-04,4947
2,0,2,Stuttgart,Dortmund,STU,BVB,Tyskland,2026-04-04,4947
1,3,1,Strasbourg,Nice,RCS,NIC,Frankrike,2026-04-04,4947
2,3,4,Brest,Rennes,BRE,REN,Frankrike,2026-04-04,4947
1,3,0,Lille,Lens,LIL,LEN,Frankrike,2026-04-04,4947
2,1,3,OH Leuven,Standard Liege,OHE,STL,Belgien,2026-04-04,4947
2,1,2,Ajax,Twente,AJA,TWE,Nederländerna,2026-04-04,4947
1,2,0,Liverpool,Fulham,LFC,FUL,England,2026-04-11,4948
X,2,2,Brentford,Everton,BRE,EVE,England,2026-04-11,4948
2,0,2,Burnley,Brighton,BUR,BHA,England,2026-04-11,4948
2,1,2,Charlton,Preston,CHA,PRE,England,2026-04-11,4948
2,0,1,Leicester,Swansea,LEI,SWA,England,2026-04-11,4948
2,0,1,Middlesbrough,Portsmouth,MID,POR,England,2026-04-11,4948
1,2,0,Oxford,Watford,OXU,WAT,England,2026-04-11,4948
1,2,1,Sheffield U,Hull,SHU,HUL,England,2026-04-11,4948
1,2,1,Southampton,Derby,SOU,DER,England,2026-04-11,4948
X,1,1,Stoke,Blackburn,STO,BLA,England,2026-04-11,4948
2,0,1,Bradford,Stevenage,BRA,STE,England,2026-04-11,4948
1,1,0,Doncaster,Reading,DON,REA,England,2026-04-11,4948
X,3,3,Huddersfield,Wycombe,HUD,WYW,England,2026-04-11,4948
2,0,1,Chelsea,Manchester United,CHE,MNU,England,2026-04-18,4949
X,2,2,Tottenham,Brighton,TOT,BHA,England,2026-04-18,4949
2,1,2,Newcastle,Bournemouth,NEW,BRN,England,2026-04-18,4949
1,3,0,Leeds,Wolverhampton,LU,WOL,England,2026-04-18,4949
2,2,4,Bristol City,Norwich,BRC,NOR,England,2026-04-18,4949
X,1,1,Hull,Birmingham,HUL,BIR,England,2026-04-18,4949
2,0,2,Preston,West Bromwich,PRE,WBA,England,2026-04-18,4949
2,1,2,Swansea,Southampton,SWA,SOU,England,2026-04-18,4949
2,0,2,Watford,Sheffield U,WAT,SHU,England,2026-04-18,4949
1,2,0,Wrexham,Stoke,WRE,STO,England,2026-04-18,4949
X,2,2,Mansfield,Luton,MAT,LUT,England,2026-04-18,4949
2,1,3,Reading,Cardiff,REA,CAR,England,2026-04-18,4949
2,1,3,Wimbledon,Plymouth,WIM,PA,England,2026-04-18,4949
1,2,1,Manchester City,Southampton,MNC,SOU,England,2026-04-25,4950
1,1,0,Arsenal,Newcastle,ARS,NEW,England,2026-04-25,4950
1,3,1,Liverpool,Crystal Palace,LFC,PAL,England,2026-04-25,4950
1,2,1,West Ham,Everton,WHU,EVE,England,2026-04-25,4950
2,0,1,Wolverhampton,Tottenham,WOL,TOT,England,2026-04-25,4950
1,2,1,Birmingham,Bristol City,BIR,BRC,England,2026-04-25,4950
X,1,1,Norwich,Swansea,NOR,SWA,England,2026-04-25,4950
2,2,3,Queens Park Rangers,Derby,QPR,DER,England,2026-04-25,4950
2,2,3,Sheffield U,Preston,SHU,PRE,England,2026-04-25,4950
2,1,3,Stoke,Portsmouth,STO,POR,England,2026-04-25,4950
1,1,0,Blackpool,Leyton Orient,BLP,LEY,England,2026-04-25,4950
X,1,1,Bradford,Bolton,BRA,BOL,England,2026-04-25,4950
X,1,1,Burton,Exeter,BUR,EXE,England,2026-04-25,4950
1,3,0,Arsenal,Fulham,ARS,FUL,England,2026-05-02,4951
1,3,0,Brentford,West Ham,BRE,WHU,England,2026-05-02,4951
1,3,1,Newcastle,Brighton,NEW,BHA,England,2026-05-02,4951
X,1,1,Wolverhampton,Sunderland,WOL,SUN,England,2026-05-02,4951
2,1,3,Barnsley,Stockport,BAR,STO,England,2026-05-02,4951
2,2,3,Bolton,Luton,BOL,LUT,England,2026-05-02,4951
2,1,2,Exeter,Bradford,EXE,BRA,England,2026-05-02,4951
X,2,2,Leyton Orient,Burton,LEY,BUR,England,2026-05-02,4951
1,1,0,Stevenage,Wigan,STE,WIG,England,2026-05-02,4951
2,0,4,Wimbledon,Huddersfield,WIM,HUD,England,2026-05-02,4951
2,1,2,Harrogate,Barnet,HTO,BAR,England,2026-05-02,4951
2,1,2,Swindon,Chesterfield,SWI,CHE,England,2026-05-02,4951
X,1,1,Tranmere,Grimsby,TRA,GRI,England,2026-05-02,4951
1,3,0,Manchester City,Brentford,MNC,BRE,England,2026-05-09,4952
X,0,0,Sunderland,Manchester United,SUN,MNU,England,2026-05-09,4952
1,3,0,Brighton,Wolverhampton,BHA,WOL,England,2026-05-09,4952
2,0,1,Fulham,Bournemouth,FUL,BRN,England,2026-05-09,4952
1,1,0,Bolton,Bradford,BOL,BRA,England,2026-05-09,4952
2,0,1,Stevenage,Stockport,STE,STO,England,2026-05-09,4952
2,0,3,Lazio,Inter,LAZ,INT,Italien,2026-05-09,4952
2,0,1,Lecce,Juventus,LEC,JUV,Italien,2026-05-09,4952
2,0,1,Atlético Madrid,Celta de Vigo,ATM,CDV,Spanien,2026-05-09,4952
1,2,1,Sevilla,Espanyol,SEV,ESP,Spanien,2026-05-09,4952
X,2,2,Real Sociedad,Real Betis,SOC,RBB,Spanien,2026-05-09,4952
2,1,3,GIF Sundsvall,IFK Norrköping,SUN,NKP,Sverige,2026-05-09,4952
X,2,2,Bodö/Glimt,Brann,B/G,BRA,Norge,2026-05-09,4952
1,3,1,Newcastle,West Ham,NEW,WHU,England,2026-05-17,4953
X,2,2,Brentford,Crystal Palace,BRE,PAL,England,2026-05-17,4953
2,1,3,Everton,Sunderland,EVE,SUN,England,2026-05-17,4953
1,1,0,Leeds,Brighton,LU,BHA,England,2026-05-17,4953
X,1,1,Wolverhampton,Fulham,WOL,FUL,England,2026-05-17,4953
2,0,1,Mjällby,Häcken,MJÄ,HAC,Sverige,2026-05-17,4953
X,1,1,Västerås,AIK,VSK,AIK,Sverige,2026-05-17,4953
X,2,2,Värnamo,Norrby,VÄR,NOR,Sverige,2026-05-17,4953
X,1,1,Athletic Bilbao,Celta de Vigo,BIL,CDV,Spanien,2026-05-17,4953
1,1,0,Elche,Getafe,ELC,GET,Spanien,2026-05-17,4953
2,3,4,Real Sociedad,Valencia,SOC,VAL,Spanien,2026-05-17,4953
1,2,0,Rayo Vallecano,Villarreal,VAL,VIL,Spanien,2026-05-17,4953
1,3,1,Marseille,Rennes,OM,REN,Frankrike,2026-05-17,4953
2,1,2,Crystal Palace,Arsenal,PAL,ARS,England,2026-05-24,4954
2,1,2,Manchester City,Aston Villa,MNC,AST,England,2026-05-24,4954
2,0,3,Brighton,Manchester United,BHA,MNU,England,2026-05-24,4954
X,1,1,Liverpool,Brentford,LFC,BRE,England,2026-05-24,4954
1,1,0,Tottenham,Everton,TOT,EVE,England,2026-05-24,4954
1,2,1,Sunderland,Chelsea,SUN,CHE,England,2026-05-24,4954
1,3,0,West Ham,Leeds,WHU,LU,England,2026-05-24,4954
1,2,0,Fulham,Newcastle,FUL,NEW,England,2026-05-24,4954
X,1,1,Nottingham,Bournemouth,NOF,BRN,England,2026-05-24,4954
X,1,1,Burnley,Wolverhampton,BUR,WOL,England,2026-05-24,4954
2,1,4,Cremonese,Como,CRE,COM,Italien,2026-05-24,4954
X,2,2,Torino,Juventus,TOR,JUV,Italien,2026-05-24,4954
1,5,1,Villarreal,Atlético Madrid,VIL,ATM,Spanien,2026-05-24,4954
X,1,1,Paris Saint-Germain,Arsenal,PSG,ARS,"Frankrike, England",2026-05-30,4955
1,2,1,Öster,Norrby,ÖST,NOR,Sverige,2026-05-30,4955
1,2,1,Molde,Sandefjord,MFK,SAN,Norge,2026-05-30,4955
1,3,2,IF Gnistan,SJK,GNI,SEI,Finland,2026-05-30,4955
1,5,0,Lahti,Ilves,LAH,ILV,Finland,2026-05-30,4955
X,1,1,KuPS,Inter Åbo,KUPS,INT,Finland,2026-05-30,4955
1,1,0,TPS,VPS,TPS,VPS,Finland,2026-05-30,4955
X,3,3,Trollhättan,Åtvidaberg,FCT,ÅFF,Sverige,2026-05-30,4955
1,4,2,AFC Malmö,Laholm,ARI,LAH,Sverige,2026-05-30,4955
2,1,2,Tvååker,Kristianstad,TVÅ,KRI,Sverige,2026-05-30,4955
X,0,0,IF Karlstad,Sollentuna,KAR,SOL,Sverige,2026-05-30,4955
1,3,0,Flamengo,Coritiba,FLA,COR,Brasilien,2026-05-30,4955
1,1,0,Paranaense,Mirassol,CAP,MIR,Brasilien,2026-05-30,4955
2,1,2,USA,Tyskland,USA,GER,"USA, Tyskland",2026-06-06,4956
1,1,0,England,Nya Zeeland,ENG,NZL,"England, Nya Zeeland",2026-06-06,4956
1,2,1,Brasilien,Egypten,BRA,EGY,"Brasilien, Egypten",2026-06-06,4956
1,2,1,Portugal,Chile,POR,CHI,"Portugal, Chile",2026-06-06,4956
2,0,4,Bolivia,Skottland,BOL,SCO,"Bolivia, Skottland",2026-06-06,4956
X,1,1,Schweiz,Australien,SUI,AUS,"Schweiz, Australien",2026-06-06,4956
1,2,1,Rumänien,Wales,ROU,WAL,"Rumänien, Wales",2026-06-06,4956
X,1,1,Panama,Bosnien & Hercegovina,PAN,BIH,"Panama, Bosnien och Hercegovina",2026-06-06,4956
2,1,2,Venezuela,Turkiet,VEN,TUR,"Venezuela, Turkiet",2026-06-06,4956
2,0,1,Albanien,Luxemburg,ALB,LUX,"Albanien, Luxemburg",2026-06-06,4956
X,1,1,Castellón,Almería,CAS,ALM,Spanien,2026-06-06,4956
2,0,4,Gefle,Hammarby TFF,GEF,HAM,Sverige,2026-06-06,4956
1,4,1,Jönköpings Södra,Trollhättan,JÖN,FCT,Sverige,2026-06-06,4956
X,1,1,Qatar,Schweiz,QAT,SUI,"Qatar, Schweiz",2026-06-13,4957
1,2,0,IF Karlstad,Gefle,KAR,GEF,Sverige,2026-06-13,4957
2,2,3,Järfälla,Arlanda,JÄR,ARL,Sverige,2026-06-13,4957
X,3,3,Stocksund,Sollentuna,STO,SOL,Sverige,2026-06-13,4957
X,1,1,Trollhättan,Kristianstad,FCT,KRI,Sverige,2026-06-13,4957
1,4,0,Åtvidaberg,Eskilsminne,ÅFF,ESK,Sverige,2026-06-13,4957
2,2,5,FF Jaro,HJK Helsingfors,JAR,HJK,Finland,2026-06-13,4957
2,2,3,Lahti,SJK,LAH,SEI,Finland,2026-06-13,4957
2,0,3,Mariehamn,IF Gnistan,MAR,GNI,Finland,2026-06-13,4957
X,1,1,VPS,KuPS,VPS,KUPS,Finland,2026-06-13,4957
X,1,1,Brasilien,Marocko,BRA,MAR,"Brasilien, Marocko",2026-06-13,4957
2,0,1,Haiti,Skottland,HAI,SCO,"Haiti, Skottland",2026-06-13,4957
1,2,0,Australien,Turkiet,AUS,TUR,"Australien, Turkiet",2026-06-13,4957
1,5,1,Nederländerna,Sverige,NED,SVE,"Nederländerna, Sverige",2026-06-20,4958
1,2,1,Tyskland,Elfenbenskusten,GER,CIV,"Tyskland, Elfenbenskusten",2026-06-20,4958
X,0,0,Ecuador,Curacao,ECU,CUR,"Ecuador, Curacao",2026-06-20,4958
2,0,4,Tunisien,Japan,TUN,JPN,"Tunisien, Japan",2026-06-20,4958
1,4,0,Spanien,Saudiarabien,ESP,KSA,"Spanien, Saudiarabien",2026-06-20,4958
X,0,0,Belgien,Iran,BEL,IRI,"Belgien, Iran",2026-06-20,4958
X,2,2,Uruguay,Kap Verde,URU,CPV,"Uruguay, Kap Verde",2026-06-20,4958
2,1,3,Nya Zeeland,Egypten,NZL,EGY,"Nya Zeeland, Egypten",2026-06-20,4958
1,5,1,Brage,Värnamo,IKB,VÄR,Sverige,2026-06-20,4958
1,5,2,Helsingborg,GIF Sundsvall,HEL,SUN,Sverige,2026-06-20,4958
X,0,0,Norrby,Nordic United,NOR,NOR,Sverige,2026-06-20,4958
2,1,3,Öster,Falkenberg,ÖST,FFF,Sverige,2026-06-20,4958
2,0,2,Östersund,IFK Norrköping,ÖST,NKP,Sverige,2026-06-20,4958
2,0,2,Panama,England,PAN,ENG,"Panama, England",2026-06-27,4959
1,2,1,Kroatien,Ghana,CRO,GHA,"Kroatien, Ghana",2026-06-27,4959
X,0,0,Colombia,Portugal,COL,POR,"Colombia, Portugal",2026-06-27,4959
1,3,1,DR Kongo,Uzbekistan,COD,UZB,"DR Kongo, Uzbekistan",2026-06-27,4959
2,1,3,Jordanien,Argentina,JOR,ARG,"Jordanien, Argentina",2026-06-27,4959
X,3,3,Algeriet,Österrike,ALG,AUT,"Algeriet, Österrike",2026-06-27,4959
2,0,2,GIF Sundsvall,Östersund,SUN,ÖST,Sverige,2026-06-27,4959
X,3,3,Nordic United,Oddevold,NOR,ODD,Sverige,2026-06-27,4959
1,2,1,Gefle,Stocksund,GEF,STO,Sverige,2026-06-27,4959
1,1,0,Arlanda,IF Karlstad,ARL,KAR,Sverige,2026-06-27,4959
1,2,1,Lund,Skövde AIK,LBK,SKÖ,Sverige,2026-06-27,4959
1,1,0,AFC Malmö,Jönköpings Södra,ARI,JÖN,Sverige,2026-06-27,4959
X,3,3,Åtvidaberg,Rosengård,ÅFF,ROS,Sverige,2026-06-27,4959
2,0,3,Kanada,Marocko,CAN,MAR,"Kanada, Marocko",2026-07-04,4960
2,0,1,Paraguay,Frankrike,PAR,FRA,"Paraguay, Frankrike",2026-07-04,4960
2,1,2,Brasilien,Norge,BRA,NOR,"Brasilien, Norge",2026-07-04,4960
1,2,1,FF Jaro,Ilves,JAR,ILV,Finland,2026-07-04,4960
1,3,1,SJK,TPS,SEI,TPS,Finland,2026-07-04,4960
1,4,0,VPS,Mariehamn,VPS,MAR,Finland,2026-07-04,4960
X,1,1,Bryne,Sandnes,BRY,SAN,Norge,2026-07-04,4960
1,4,3,Hödd,Strömsgodset,ILH,STG,Norge,2026-07-04,4960
2,1,2,Akranes,Breidablik,AKR,BRE,Island,2026-07-04,4960
1,1,0,Vestmannaeyja,Valur,IBV,VAL,Island,2026-07-04,4960
2,1,2,IFK Göteborg,AIK,IFK,AIK,Sverige,2026-07-04,4960
1,3,0,Kalmar,Örgryte,KAL,ÖRG,Sverige,2026-07-04,4960
2,1,2,Elfsborg,Hammarby,IFE,HAM,Sverige,2026-07-04,4960
X,1,1,Norge,England,NOR,ENG,"Norge, England",2026-07-11,4961
X,1,1,Argentina,Schweiz,ARG,SUI,"Argentina, Schweiz",2026-07-11,4961
1,4,3,Örgryte,Häcken,ÖRG,HAC,Sverige,2026-07-11,4961
1,4,0,Tromsö,Vålerenga,TIL,VIF,Norge,2026-07-11,4961
X,2,2,Ålesund,Molde,ÅFK,MFK,Norge,2026-07-11,4961
1,3,2,Galway,Sligo Rovers,GAL,SLR,Irland,2026-07-11,4961
1,4,2,IF Gnistan,Mariehamn,GNI,MAR,Finland,2026-07-11,4961
1,3,0,TPS,Oulu,TPS,ACO,Finland,2026-07-11,4961
1,2,0,Hammarby,Kalmar,HAM,KAL,Sverige,2026-07-11,4961
1,4,0,Malmö,IFK Göteborg,MAL,IFK,Sverige,2026-07-11,4961
1,2,0,Västerås,Degerfors,VSK,DEG,Sverige,2026-07-11,4961
1,1,0,GAIS,Elfsborg,GAIS,IFE,Sverige,2026-07-11,4961
2,1,2,Brommapojkarna,Sirius,BRO,SIR,Sverige,2026-07-11,4961
X,0,0,Spanien,Argentina,ESP,ARG,"Spanien, Argentina",2026-07-18,4962
2,4,6,Frankrike,England,FRA,ENG,"Frankrike, England",2026-07-18,4962
1,3,2,Öster,Brage,ÖST,IKB,Sverige,2026-07-18,4962
X,0,0,Kristiansund,Sarpsborg,KRI,SAR,Norge,2026-07-18,4962
2,0,3,IK Start,Rosenborg,STA,RBK,Norge,2026-07-18,4962
1,2,1,Lilleström,KFUM Oslo,LSK,KFU,Norge,2026-07-18,4962
2,1,2,Molde,Brann,MFK,BRA,Norge,2026-07-18,4962
1,2,1,Viking,Sandefjord,VIK,SAN,Norge,2026-07-18,4962
2,0,2,Oulu,IF Gnistan,ACO,GNI,Finland,2026-07-18,4962
2,0,2,SJK,KuPS,SEI,KUPS,Finland,2026-07-18,4962
2,1,3,Elfsborg,Sirius,IFE,SIR,Sverige,2026-07-18,4962
1,4,0,Hammarby,Degerfors,HAM,DEG,Sverige,2026-07-18,4962
2,0,2,Halmstad,Häcken,HBK,HAC,Sverige,2026-07-18,4962
1,2,1,Kalmar,Mjällby,KAL,MJÄ,Sverige,2026-07-25,4963
X,1,1,Århus,Bröndby,AGF,BRO,Danmark,2026-07-25,4963
2,1,2,Kristiansund,IK Start,KRI,STA,Norge,2026-07-25,4963
1,3,1,KuPS,VPS,KUPS,VPS,Finland,2026-07-25,4963
2,0,1,Servette,Basel,SER,FCB,Schweiz,2026-07-25,4963
X,0,0,Galway,Waterford,GAL,WAT,Irland,2026-07-25,4963
X,2,2,Sligo Rovers,Drogheda,SLR,DRO,Irland,2026-07-25,4963
2,0,4,IFK Norrköping,Hammarby,NOR,HAM,Sverige,2026-07-25,4963
1,4,1,Sirius,IFK Göteborg,SIR,IFK,Sverige,2026-07-25,4963
X,1,1,Brommapojkarna,Hammarby,BRO,HAM,Sverige,2026-07-25,4963
X,1,1,GAIS,Halmstad,GAIS,HBK,Sverige,2026-07-25,4963
2,1,2,Malmö,Elfsborg,MAL,IFE,Sverige,2026-07-25,4963
2,1,2,GIF Sundsvall,Falkenberg,SUN,FFF,Sverige,2026-07-25,4963
1,2,0,IFK Norrköping,Helsingborg,NKP,HEL,Sverige,2026-08-01,4964
1,2,1,Brage,Landskrona,IKB,LKB,Sverige,2026-08-01,4964
X,2,2,Lyngby,Århus,LBY,AGF,Danmark,2026-08-01,4964
1,1,0,Fredrikstad FK,Sandefjord,FFK,SAN,Norge,2026-08-01,4964
2,0,3,IK Start,Viking,STA,VIK,Norge,2026-08-01,4964
1,2,1,Aberdeen,Hearts,ABE,HOM,Skottland,2026-08-01,4964
1,2,0,Hässleholms IF,Åtvidaberg,HÄS,ÅFF,Sverige,2026-08-01,4964
2,0,1,Laholm,Trollhättan,LAH,FCT,Sverige,2026-08-01,4964
1,3,1,Olympic,Skövde AIK,OLY,SKÖ,Sverige,2026-08-01,4964
2,0,4,Järfälla,Stockholm Internazionale,JÄR,STO,Sverige,2026-08-01,4964
2,0,3,AIK,Örgryte,AIK,ÖRG,Sverige,2026-08-01,4964
2,1,2,Brommapojkarna,Malmö,BRO,MAL,Sverige,2026-08-01,4964
1,2,0,IFK Göteborg,Degerfors,IFK,DEG,Sverige,2026-08-01,4964
2,0,1,Mjällby,Elfsborg,MJÄ,IFE,Sverige,2026-08-08,4965
1,3,0,IFK Norrköping,Brage,NKP,IKB,Sverige,2026-08-08,4965
2,0,1,IK Start,Fredrikstad FK,STA,FFK,Norge,2026-08-08,4965
1,2,0,Dundee FC,Aberdeen,DUN,ABE,Skottland,2026-08-08,4965
1,1,0,St. Mirren,St Johnstone,MIR,JOH,Skottland,2026-08-08,4965
X,1,1,Barnsley,Wigan,BAR,WIG,England,2026-08-08,4965
2,0,1,Bristol Rovers,Peterborough ,BR,PET,England,2026-08-08,4965
2,1,2,Burton,Blackburn,BUR,BLA,England,2026-08-08,4965
1,1,0,Fleetwood,Chesterfield,FLE,CHE,England,2026-08-08,4965
2,1,3,Grimsby,Blackpool,GRI,BLP,England,2026-08-08,4965
1,2,0,Leyton Orient,Oxford,LEY,OXU,England,2026-08-08,4965
X,1,1,Preston,Huddersfield,PRE,HUD,England,2026-08-08,4965
2,0,1,Swansea,Birmingham,SWA,BIR,England,2026-08-08,4965
X,0,0,Sheffield U,Birmingham,SHU,BIR,England,2026-08-15,4966
2,0,2,Bristol City,Millwall,BRC,MIL,England,2026-08-15,4966
1,2,1,Charlton,Derby,CHA,DER,England,2026-08-15,4966
1,2,1,Middlesbrough,Lincoln,MID,LIC,England,2026-08-15,4966
2,1,2,Norwich,West Bromwich,NOR,WBA,England,2026-08-15,4966
2,1,3,Portsmouth,Queens Park Rangers,POR,QPR,England,2026-08-15,4966
2,1,2,Stoke,Swansea,STO,SWA,England,2026-08-15,4966
X,1,1,Blackpool,Wycombe,BLP,WYW,England,2026-08-15,4966
1,2,0,Bradford,Peterborough ,BRA,PET,England,2026-08-15,4966
X,1,1,Burton,Stevenage,BUR,STE,England,2026-08-15,4966
1,3,2,Cambridge,Wigan,CAM,WIG,England,2026-08-15,4966
2,1,2,Leyton Orient,Sheffield W,LEY,SHW,England,2026-08-15,4966
2,1,3,Plymouth,Stockport,PA,STO,England,2026-08-15,4966
1,3,0,Brentford,Tottenham,BRE,TOT,England,2026-08-22,4967
1,2,0,Everton,Crystal Palace,EVE,PAL,England,2026-08-22,4967
1,2,1,Ipswich,Sunderland,IPS,SUN,England,2026-08-22,4967
2,0,1,Nottingham,Leeds,NOF,LU,England,2026-08-22,4967
1,2,1,Blackburn,Middlesbrough,BLA,MID,England,2026-08-22,4967
X,2,2,Derby,Cardiff,DER,CAR,England,2026-08-22,4967
2,1,3,Preston,Wolverhampton,PRE,WOL,England,2026-08-22,4967
X,0,0,Queens Park Rangers,Bolton,QPR,BOL,England,2026-08-22,4967
1,3,1,Southampton,Stoke,SOU,STO,England,2026-08-22,4967
X,0,0,Swansea,Sheffield U,SWA,SHU,England,2026-08-22,4967
2,1,2,West Ham,Charlton,WHU,CHA,England,2026-08-22,4967
X,1,1,Wrexham,Watford,WRE,WAT,England,2026-08-22,4967
X,0,0,Wimbledon,Reading,WIM,REA,England,2026-08-22,4967
2,0,2,Tottenham,Newcastle,TOT,NEW,England,2026-08-29,4968
X,1,1,Bournemouth,Everton,BRN,EVE,England,2026-08-29,4968
2,0,1,Coventry,Hull,COC,HUL,England,2026-08-29,4968
2,1,2,Blackburn,Queens Park Rangers,BLA,QPR,England,2026-08-29,4968
2,0,1,Bolton,Lincoln,BOL,LIC,England,2026-08-29,4968
1,2,1,Bristol City,Portsmouth,BRC,POR,England,2026-08-29,4968
X,2,2,Cardiff,Sheffield U,CAR,SHU,England,2026-08-29,4968
1,1,0,Charlton,Preston,CHA,PRE,England,2026-08-29,4968
1,4,1,Norwich,Burnley,NOR,BUR,England,2026-08-29,4968
1,5,1,Southampton,Millwall,SOU,MIL,England,2026-08-29,4968
X,1,1,Watford,West Ham,WAT,WHU,England,2026-08-29,4968
2,1,2,Cambridge,Huddersfield,CAM,HUD,England,2026-08-29,4968
2,1,3,Leyton Orient,Barnsley,LEY,BAR,England,2026-08-29,4968
X,0,0,Hull,Aston Villa,HUL,AST,England,2026-09-05,4969
X,1,1,Brighton,Leeds,BHA,LU,England,2026-09-05,4969
2,2,3,Fulham,Crystal Palace,FUL,PAL,England,2026-09-05,4969
1,1,0,Manchester City,Coventry,MNC,COC,England,2026-09-05,4969
X,0,0,Nottingham,Tottenham,NOF,TOT,England,2026-09-05,4969
X,1,1,Brentford,Sunderland,BRE,SUN,England,2026-09-05,4969
2,1,2,Burnley,Bristol City,BUR,BRC,England,2026-09-05,4969
1,4,0,Millwall,Bolton,MIL,BOL,England,2026-09-05,4969
1,2,0,Portsmouth,Cardiff,POR,CAR,England,2026-09-05,4969
2,0,1,Queens Park Rangers,Middlesbrough,QPR,MID,England,2026-09-05,4969
2,1,3,Sheffield U,Norwich,SHU,NOR,England,2026-09-05,4969
1,1,0,West Bromwich,Watford,WBA,WAT,England,2026-09-05,4969
X,0,0,Swansea,Wrexham,SWA,WRE,England,2026-09-05,4969
2,0,2,Sunderland,Arsenal,SUN,ARS,England,2026-09-12,4970
X,0,0,Tottenham,Everton,TOT,EVE,England,2026-09-12,4970
X,0,0,Liverpool,Fulham,LFC,FUL,England,2026-09-12,4970
X,2,2,Chelsea,Hull,CHE,HUL,England,2026-09-12,4970
2,2,3,Crystal Palace,Ipswich,PAL,IPS,England,2026-09-12,4970
2,1,2,Aston Villa,Nottingham,AST,NOF,England,2026-09-12,4970
X,2,2,Bournemouth,Brentford,BRN,BRE,England,2026-09-12,4970
1,3,1,Blackburn,Millwall,BLA,MIL,England,2026-09-12,4970
X,0,0,Charlton,Portsmouth,CHA,POR,England,2026-09-12,4970
1,4,3,Middlesbrough,Norwich,MID,NOR,England,2026-09-12,4970
2,0,1,Preston,Lincoln,PRE,LIC,England,2026-09-12,4970
1,4,1,Southampton,Bristol City,SOU,BRC,England,2026-09-12,4970
2,1,2,Watford,Stoke,WAT,STO,England,2026-09-12,4970
2,0,1,Nottingham,Coventry,NOF,COC,England,2026-09-19,4971
1,3,0,Brighton,Arsenal,BHA,ARS,England,2026-09-19,4971
1,1,0,Everton,Ipswich,EVE,IPS,England,2026-09-19,4971
1,2,1,Newcastle,Hull,NEW,HUL,England,2026-09-19,4971
X,2,2,Birmingham,Middlesbrough,BIR,MID,England,2026-09-19,4971
X,1,1,Burnley,Derby,BUR,DER,England,2026-09-19,4971
2,1,2,Lincoln,Swansea,LIC,SWA,England,2026-09-19,4971
X,2,2,Portsmouth,Blackburn,POR,BLA,England,2026-09-19,4971
X,2,2,Queens Park Rangers,Preston,QPR,PRE,England,2026-09-19,4971
1,2,1,Wrexham,Southampton,WRE,SOU,England,2026-09-19,4971
2,0,1,Luton,Bradford,LUT,BRA,England,2026-09-19,4971
X,1,1,Oxford,Cambridge,OXU,CAM,England,2026-09-19,4971
X,0,0,Sheffield W,Stockport,SHW,STO,England,2026-09-19,4971
